Date,BTC,ETH
2020-01-01,7200.17431640625,130.802001953125
2020-01-02,6985.47021484375,127.4101791381836
2020-01-03,7344.88427734375,134.1717071533203
2020-01-04,7410.65673828125,135.06936645507812
2020-01-05,7411.3173828125,136.2767791748047
2020-01-06,7769.21923828125,144.3041534423828
2020-01-07,8163.6923828125,143.5439910888672
2020-01-08,8079.86279296875,141.2581329345703
2020-01-09,7879.0712890625,138.9792022705078
2020-01-10,8166.55419921875,143.96377563476562
2020-01-11,8037.53759765625,142.92710876464844
2020-01-12,8192.494140625,145.87393188476562
2020-01-13,8144.1943359375,144.22659301757812
2020-01-14,8827.7646484375,165.95535278320312
2020-01-15,8807.0107421875,166.23068237304688
2020-01-16,8723.7861328125,164.39100646972656
2020-01-17,8929.0380859375,170.7799530029297
2020-01-18,8942.80859375,175.3656768798828
2020-01-19,8706.2451171875,166.9698486328125
2020-01-20,8657.642578125,167.12051391601562
2020-01-21,8745.89453125,169.69715881347656
2020-01-22,8680.8759765625,168.29415893554688
2020-01-23,8406.515625,162.92855834960938
2020-01-24,8445.4345703125,163.05117797851562
2020-01-25,8367.84765625,161.283935546875
2020-01-26,8596.830078125,168.0771026611328
2020-01-27,8909.8193359375,170.93089294433594
2020-01-28,9358.58984375,176.3703155517578
2020-01-29,9316.6298828125,175.0503387451172
2020-01-30,9508.9931640625,184.6904754638672
2020-01-31,9350.529296875,180.16017150878906
2020-02-01,9392.875,183.6739501953125
2020-02-02,9344.365234375,188.61753845214844
2020-02-03,9293.521484375,189.8650665283203
2020-02-04,9180.962890625,189.25059509277344
2020-02-05,9613.423828125,204.23023986816406
2020-02-06,9729.8017578125,212.33908081054688
2020-02-07,9795.943359375,222.72605895996094
2020-02-08,9865.119140625,223.14651489257812
2020-02-09,10116.673828125,228.5785675048828
2020-02-10,9856.611328125,223.522705078125
2020-02-11,10208.236328125,235.8511962890625
2020-02-12,10326.0546875,265.4061279296875
2020-02-13,10214.3798828125,268.0992431640625
2020-02-14,10312.1162109375,284.2174987792969
2020-02-15,9889.4248046875,264.72857666015625
2020-02-16,9934.43359375,259.89471435546875
2020-02-17,9690.142578125,266.3634338378906
2020-02-18,10141.99609375,281.944580078125
2020-02-19,9633.38671875,259.76397705078125
2020-02-20,9608.4755859375,257.949462890625
2020-02-21,9686.44140625,265.6006164550781
2020-02-22,9663.181640625,262.33172607421875
2020-02-23,9924.515625,273.754150390625
2020-02-24,9650.1748046875,265.2164306640625
2020-02-25,9341.705078125,247.81759643554688
2020-02-26,8820.5224609375,225.68026733398438
2020-02-27,8784.494140625,226.75338745117188
2020-02-28,8672.455078125,226.760498046875
2020-02-29,8599.5087890625,219.8485107421875
2020-03-01,8562.4541015625,218.97059631347656
2020-03-02,8869.669921875,230.5697784423828
2020-03-03,8787.7861328125,224.47962951660156
2020-03-04,8755.24609375,224.51797485351562
2020-03-05,9078.7626953125,229.2681884765625
2020-03-06,9122.5458984375,243.52529907226562
2020-03-07,8909.9541015625,237.85308837890625
2020-03-08,8108.1162109375,200.68905639648438
2020-03-09,7923.64453125,201.986328125
2020-03-10,7909.7294921875,200.76724243164062
2020-03-11,7911.43017578125,194.8685302734375
2020-03-12,4970.7880859375,112.34712219238281
2020-03-13,5563.70703125,133.20181274414062
2020-03-14,5200.3662109375,123.30602264404297
2020-03-15,5392.31494140625,125.21430206298828
2020-03-16,5014.47998046875,110.60587310791016
2020-03-17,5225.62939453125,113.9427490234375
2020-03-18,5238.4384765625,114.84226989746094
2020-03-19,6191.19287109375,136.59385681152344
2020-03-20,6198.7783203125,132.73716735839844
2020-03-21,6185.06640625,132.81871032714844
2020-03-22,5830.2548828125,123.32115173339844
2020-03-23,6416.31494140625,134.91160583496094
2020-03-24,6734.8037109375,138.76144409179688
2020-03-25,6681.06298828125,136.19589233398438
2020-03-26,6716.4404296875,138.36155700683594
2020-03-27,6469.79833984375,133.9379425048828
2020-03-28,6242.19384765625,130.9864959716797
2020-03-29,5922.04296875,125.58373260498047
2020-03-30,6429.841796875,132.904541015625
2020-03-31,6438.64453125,133.59356689453125
2020-04-01,6606.7763671875,135.63455200195312
2020-04-02,6793.62451171875,142.02914428710938
2020-04-03,6733.38720703125,142.09130859375
2020-04-04,6867.52734375,145.21939086914062
2020-04-05,6791.12939453125,143.54664611816406
2020-04-06,7271.78125,169.13587951660156
2020-04-07,7176.41455078125,165.10194396972656
2020-04-08,7334.0986328125,172.64173889160156
2020-04-09,7302.08935546875,170.80714416503906
2020-04-10,6865.4931640625,158.41244506835938
2020-04-11,6859.0830078125,158.2160186767578
2020-04-12,6971.091796875,161.14242553710938
2020-04-13,6845.03759765625,156.27955627441406
2020-04-14,6842.427734375,157.5963897705078
2020-04-15,6642.10986328125,153.28689575195312
2020-04-16,7116.80419921875,172.15737915039062
2020-04-17,7096.1845703125,171.63858032226562
2020-04-18,7257.6650390625,186.91400146484375
2020-04-19,7189.4248046875,181.61495971679688
2020-04-20,6881.95849609375,172.2971649169922
2020-04-21,6880.3232421875,172.73770141601562
2020-04-22,7117.20751953125,182.59957885742188
2020-04-23,7429.724609375,185.02867126464844
2020-04-24,7550.90087890625,189.2369384765625
2020-04-25,7569.93603515625,195.5153045654297
2020-04-26,7679.8671875,197.31753540039062
2020-04-27,7795.60107421875,197.22471618652344
2020-04-28,7807.05859375,198.41539001464844
2020-04-29,8801.0380859375,216.96823120117188
2020-04-30,8658.5537109375,207.60205078125
2020-05-01,8864.7666015625,214.21910095214844
2020-05-02,8988.5966796875,215.32537841796875
2020-05-03,8897.46875,210.9331512451172
2020-05-04,8912.654296875,208.17401123046875
2020-05-05,9003.0703125,206.77439880371094
2020-05-06,9268.76171875,204.0557861328125
2020-05-07,9951.5185546875,212.28941345214844
2020-05-08,9842.666015625,212.9915771484375
2020-05-09,9593.896484375,211.60012817382812
2020-05-10,8756.4306640625,188.5995635986328
2020-05-11,8601.7958984375,185.912841796875
2020-05-12,8804.4775390625,189.3125
2020-05-13,9269.9873046875,199.1932830810547
2020-05-14,9733.7216796875,202.9490966796875
2020-05-15,9328.197265625,195.62266540527344
2020-05-16,9377.013671875,200.6771240234375
2020-05-17,9670.7392578125,207.15869140625
2020-05-18,9726.5751953125,214.52505493164062
2020-05-19,9729.0380859375,213.45111083984375
2020-05-20,9522.9814453125,210.09674072265625
2020-05-21,9081.76171875,199.88360595703125
2020-05-22,9182.5771484375,207.169189453125
2020-05-23,9209.287109375,208.69439697265625
2020-05-24,8790.3681640625,202.37034606933594
2020-05-25,8906.9345703125,205.3197479248047
2020-05-26,8835.052734375,201.90231323242188
2020-05-27,9181.017578125,208.86343383789062
2020-05-28,9525.7509765625,219.84042358398438
2020-05-29,9439.1240234375,220.6751251220703
2020-05-30,9700.4140625,242.34559631347656
2020-05-31,9461.05859375,230.9757080078125
2020-06-01,10167.2685546875,246.99176025390625
2020-06-02,9529.8037109375,237.21905517578125
2020-06-03,9656.7177734375,244.1793212890625
2020-06-04,9800.63671875,244.4263916015625
2020-06-05,9665.533203125,241.22198486328125
2020-06-06,9653.6796875,241.9313201904297
2020-06-07,9758.8525390625,245.16725158691406
2020-06-08,9771.4892578125,246.30990600585938
2020-06-09,9795.7001953125,244.9114532470703
2020-06-10,9870.0947265625,247.4449462890625
2020-06-11,9321.78125,231.70266723632812
2020-06-12,9480.84375,237.4932098388672
2020-06-13,9475.27734375,238.90884399414062
2020-06-14,9386.7880859375,234.1147003173828
2020-06-15,9450.7021484375,229.9289093017578
2020-06-16,9538.0244140625,234.41616821289062
2020-06-17,9480.2548828125,233.0282745361328
2020-06-18,9411.8408203125,232.10116577148438
2020-06-19,9288.0185546875,227.13829040527344
2020-06-20,9332.3408203125,229.27426147460938
2020-06-21,9303.6298828125,228.9898223876953
2020-06-22,9648.7177734375,242.53318786621094
2020-06-23,9629.658203125,244.14215087890625
2020-06-24,9313.6103515625,235.7724609375
2020-06-25,9264.8134765625,232.94448852539062
2020-06-26,9162.91796875,229.6680450439453
2020-06-27,9045.390625,222.9597930908203
2020-06-28,9143.58203125,225.34716796875
2020-06-29,9190.8544921875,228.1948699951172
2020-06-30,9137.9931640625,226.31500244140625
2020-07-01,9228.3251953125,231.11341857910156
2020-07-02,9123.41015625,229.39219665527344
2020-07-03,9087.3037109375,225.38706970214844
2020-07-04,9132.48828125,229.07411193847656
2020-07-05,9073.9423828125,227.6645965576172
2020-07-06,9375.474609375,241.51022338867188
2020-07-07,9252.27734375,239.07553100585938
2020-07-08,9428.3330078125,246.67001342773438
2020-07-09,9277.9677734375,243.01596069335938
2020-07-10,9278.8076171875,240.9849853515625
2020-07-11,9240.3466796875,239.4581756591797
2020-07-12,9276.5,242.13169860839844
2020-07-13,9243.6142578125,239.60458374023438
2020-07-14,9243.2138671875,240.21148681640625
2020-07-15,9192.8369140625,238.42352294921875
2020-07-16,9132.2275390625,233.64088439941406
2020-07-17,9151.392578125,232.77308654785156
2020-07-18,9159.0400390625,235.4838104248047
2020-07-19,9185.8173828125,238.48751831054688
2020-07-20,9164.2314453125,236.15316772460938
2020-07-21,9374.8876953125,245.0167236328125
2020-07-22,9525.36328125,262.1906433105469
2020-07-23,9581.072265625,274.6890563964844
2020-07-24,9536.892578125,279.2154235839844
2020-07-25,9677.11328125,304.0567626953125
2020-07-26,9905.1669921875,309.64361572265625
2020-07-27,10990.873046875,321.51409912109375
2020-07-28,10912.8232421875,316.6572570800781
2020-07-29,11100.4677734375,318.1908874511719
2020-07-30,11111.2138671875,334.5866394042969
2020-07-31,11323.466796875,345.5546569824219
2020-08-01,11759.5927734375,385.19970703125
2020-08-02,11053.6142578125,370.6717224121094
2020-08-03,11246.3486328125,386.295166015625
2020-08-04,11205.892578125,389.87548828125
2020-08-05,11747.0224609375,401.590576171875
2020-08-06,11779.7734375,394.9619445800781
2020-08-07,11601.47265625,379.5128479003906
2020-08-08,11754.0458984375,393.98736572265625
2020-08-09,11675.7392578125,391.1204528808594
2020-08-10,11878.111328125,395.8875732421875
2020-08-11,11410.525390625,380.3840637207031
2020-08-12,11584.9345703125,391.024169921875
2020-08-13,11784.1376953125,428.7417907714844
2020-08-14,11768.87109375,437.3978271484375
2020-08-15,11865.6982421875,433.35491943359375
2020-08-16,11892.8037109375,433.78662109375
2020-08-17,12254.40234375,429.53125
2020-08-18,11991.2333984375,423.6693115234375
2020-08-19,11758.283203125,406.4637756347656
2020-08-20,11878.3720703125,416.4397888183594
2020-08-21,11592.4892578125,389.1263427734375
2020-08-22,11681.8251953125,395.83514404296875
2020-08-23,11664.84765625,391.3844909667969
2020-08-24,11774.595703125,408.1441955566406
2020-08-25,11366.134765625,384.00103759765625
2020-08-26,11488.36328125,386.46612548828125
2020-08-27,11323.3974609375,382.63262939453125
2020-08-28,11542.5,395.8746643066406
2020-08-29,11506.865234375,399.9214782714844
2020-08-30,11711.505859375,428.3957214355469
2020-08-31,11680.8203125,435.0797424316406
2020-09-01,11970.478515625,477.0519104003906
2020-09-02,11414.0341796875,440.0404968261719
2020-09-03,10245.296875,385.67193603515625
2020-09-04,10511.8134765625,388.24114990234375
2020-09-05,10169.5673828125,335.26007080078125
2020-09-06,10280.3515625,353.3622741699219
2020-09-07,10369.5634765625,352.6734924316406
2020-09-08,10131.5166015625,337.60211181640625
2020-09-09,10242.34765625,351.1100158691406
2020-09-10,10363.138671875,368.1018981933594
2020-09-11,10400.9150390625,374.6955871582031
2020-09-12,10442.1708984375,387.18310546875
2020-09-13,10323.755859375,365.57000732421875
2020-09-14,10680.837890625,377.26885986328125
2020-09-15,10796.951171875,364.8392028808594
2020-09-16,10974.9052734375,365.8122863769531
2020-09-17,10948.990234375,389.01922607421875
2020-09-18,10944.5859375,384.3645324707031
2020-09-19,11094.3466796875,385.54437255859375
2020-09-20,10938.271484375,371.0528259277344
2020-09-21,10462.259765625,341.78607177734375
2020-09-22,10538.4599609375,344.503173828125
2020-09-23,10246.1865234375,321.1163024902344
2020-09-24,10760.06640625,349.3555908203125
2020-09-25,10692.716796875,352.1832580566406
2020-09-26,10750.7236328125,355.48809814453125
2020-09-27,10775.26953125,357.4385070800781
2020-09-28,10709.65234375,355.159423828125
2020-09-29,10844.640625,359.75738525390625
2020-09-30,10784.4912109375,359.9378662109375
2020-10-01,10619.4521484375,353.2059020996094
2020-10-02,10575.974609375,346.2389221191406
2020-10-03,10549.3291015625,346.5220947265625
2020-10-04,10669.5830078125,352.5790100097656
2020-10-05,10793.33984375,353.956787109375
2020-10-06,10604.40625,340.81585693359375
2020-10-07,10668.96875,341.80865478515625
2020-10-08,10915.685546875,350.7661437988281
2020-10-09,11064.4580078125,365.5904846191406
2020-10-10,11296.361328125,370.96759033203125
2020-10-11,11384.181640625,375.1420593261719
2020-10-12,11555.36328125,387.73126220703125
2020-10-13,11425.8994140625,381.1907653808594
2020-10-14,11429.5068359375,379.4840393066406
2020-10-15,11495.349609375,377.44183349609375
2020-10-16,11322.123046875,366.22900390625
2020-10-17,11358.1015625,368.8559265136719
2020-10-18,11483.359375,378.21368408203125
2020-10-19,11742.037109375,379.93560791015625
2020-10-20,11916.3349609375,369.13690185546875
2020-10-21,12823.689453125,392.1899719238281
2020-10-22,12965.8916015625,413.7729797363281
2020-10-23,12931.5390625,409.7666931152344
2020-10-24,13108.0625,412.4576110839844
2020-10-25,13031.173828125,406.2177734375
2020-10-26,13075.248046875,393.8883056640625
2020-10-27,13654.21875,403.9970397949219
2020-10-28,13271.28515625,388.6507568359375
2020-10-29,13437.8828125,386.7301025390625
2020-10-30,13546.5224609375,382.8199768066406
2020-10-31,13780.9951171875,386.59033203125
2020-11-01,13737.109375,396.3581848144531
2020-11-02,13550.4892578125,383.15673828125
2020-11-03,13950.30078125,387.6021728515625
2020-11-04,14133.70703125,402.1419982910156
2020-11-05,15579.8486328125,414.0673522949219
2020-11-06,15565.880859375,454.71929931640625
2020-11-07,14833.75390625,435.713134765625
2020-11-08,15479.5673828125,453.5547790527344
2020-11-09,15332.3154296875,444.1630554199219
2020-11-10,15290.90234375,449.67962646484375
2020-11-11,15701.33984375,462.9605407714844
2020-11-12,16276.34375,461.0052795410156
2020-11-13,16317.80859375,474.6264343261719
2020-11-14,16068.138671875,460.14984130859375
2020-11-15,15955.587890625,447.55908203125
2020-11-16,16716.111328125,459.9403076171875
2020-11-17,17645.40625,480.3600769042969
2020-11-18,17804.005859375,479.48406982421875
2020-11-19,17817.08984375,471.63043212890625
2020-11-20,18621.314453125,509.74456787109375
2020-11-21,18642.232421875,549.4866333007812
2020-11-22,18370.001953125,558.068115234375
2020-11-23,18364.12109375,608.4540405273438
2020-11-24,19107.46484375,603.8977661132812
2020-11-25,18732.12109375,570.6866455078125
2020-11-26,17150.623046875,518.8011474609375
2020-11-27,17108.40234375,517.4937133789062
2020-11-28,17717.4140625,538.2297973632812
2020-11-29,18177.484375,575.758056640625
2020-11-30,19625.8359375,614.842529296875
2020-12-01,18802.998046875,587.3241577148438
2020-12-02,19201.091796875,598.3523559570312
2020-12-03,19445.3984375,616.708740234375
2020-12-04,18699.765625,569.3541870117188
2020-12-05,19154.23046875,596.595458984375
2020-12-06,19345.12109375,601.9089965820312
2020-12-07,19191.630859375,591.8433837890625
2020-12-08,18321.14453125,554.8277587890625
2020-12-09,18553.916015625,573.4791259765625
2020-12-10,18264.9921875,559.6785278320312
2020-12-11,18058.904296875,545.79736328125
2020-12-12,18803.65625,568.5673217773438
2020-12-13,19142.3828125,589.6632080078125
2020-12-14,19246.64453125,586.0111694335938
2020-12-15,19417.076171875,589.3555908203125
2020-12-16,21310.59765625,636.1818237304688
2020-12-17,22805.162109375,642.8689575195312
2020-12-18,23137.9609375,654.8119506835938
2020-12-19,23869.83203125,659.2979125976562
2020-12-20,23477.294921875,638.2908325195312
2020-12-21,22803.08203125,609.81787109375
2020-12-22,23783.029296875,634.8541870117188
2020-12-23,23241.345703125,583.714599609375
2020-12-24,23735.94921875,611.607177734375
2020-12-25,24664.791015625,626.4107055664062
2020-12-26,26437.037109375,635.8358154296875
2020-12-27,26272.294921875,682.642333984375
2020-12-28,27084.80859375,730.3973388671875
2020-12-29,27362.4375,731.5201416015625
2020-12-30,28840.953125,751.6189575195312
2020-12-31,29001.720703125,737.8034057617188
2021-01-01,29374.15234375,730.3675537109375
2021-01-02,32127.267578125,774.5349731445312
2021-01-03,32782.0234375,975.5076904296875
2021-01-04,31971.9140625,1040.2330322265625
2021-01-05,33992.4296875,1100.006103515625
2021-01-06,36824.36328125,1207.1121826171875
2021-01-07,39371.04296875,1225.6781005859375
2021-01-08,40797.609375,1224.1971435546875
2021-01-09,40254.546875,1281.0772705078125
2021-01-10,38356.44140625,1262.2467041015625
2021-01-11,35566.65625,1090.1453857421875
2021-01-12,33922.9609375,1043.4345703125
2021-01-13,37316.359375,1130.7393798828125
2021-01-14,39187.328125,1218.4530029296875
2021-01-15,36825.3671875,1171.8345947265625
2021-01-16,36178.140625,1233.53759765625
2021-01-17,35791.27734375,1230.1722412109375
2021-01-18,36630.07421875,1257.279541015625
2021-01-19,36069.8046875,1377.2958984375
2021-01-20,35547.75,1382.2740478515625
2021-01-21,30825.69921875,1121.5709228515625
2021-01-22,33005.76171875,1236.51220703125
2021-01-23,32067.642578125,1230.9906005859375
2021-01-24,32289.37890625,1391.609375
2021-01-25,32366.392578125,1324.414794921875
2021-01-26,32569.849609375,1357.05810546875
2021-01-27,30432.546875,1253.1871337890625
2021-01-28,33466.09765625,1332.4921875
2021-01-29,34316.38671875,1382.5228271484375
2021-01-30,34269.5234375,1376.115478515625
2021-01-31,33114.359375,1314.9862060546875
2021-02-01,33537.17578125,1369.04052734375
2021-02-02,35510.2890625,1515.1937255859375
2021-02-03,37472.08984375,1660.9095458984375
2021-02-04,36926.06640625,1594.7626953125
2021-02-05,38144.30859375,1718.65087890625
2021-02-06,39266.01171875,1677.8468017578125
2021-02-07,38903.44140625,1614.227783203125
2021-02-08,46196.46484375,1746.6168212890625
2021-02-09,46481.10546875,1768.0350341796875
2021-02-10,44918.18359375,1744.243408203125
2021-02-11,47909.33203125,1783.7979736328125
2021-02-12,47504.8515625,1843.5325927734375
2021-02-13,47105.515625,1814.10986328125
2021-02-14,48717.2890625,1805.0841064453125
2021-02-15,47945.05859375,1779.791015625
2021-02-16,49199.87109375,1781.0675048828125
2021-02-17,52149.0078125,1848.458251953125
2021-02-18,51679.796875,1937.44921875
2021-02-19,55888.1328125,1960.164794921875
2021-02-20,56099.51953125,1919.5340576171875
2021-02-21,57539.9453125,1935.60107421875
2021-02-22,54207.3203125,1781.992919921875
2021-02-23,48824.42578125,1570.2039794921875
2021-02-24,49705.33203125,1626.57568359375
2021-02-25,47093.8515625,1475.7037353515625
2021-02-26,46339.76171875,1446.03369140625
2021-02-27,46188.453125,1459.97314453125
2021-02-28,45137.76953125,1416.0489501953125
2021-03-01,49631.2421875,1564.7076416015625
2021-03-02,48378.98828125,1492.6087646484375
2021-03-03,50538.2421875,1575.8531494140625
2021-03-04,48561.16796875,1541.914306640625
2021-03-05,48927.3046875,1533.2750244140625
2021-03-06,48912.3828125,1654.7415771484375
2021-03-07,51206.69140625,1723.15380859375
2021-03-08,52246.5234375,1834.7279052734375
2021-03-09,54824.1171875,1868.048828125
2021-03-10,56008.55078125,1799.166259765625
2021-03-11,57805.12109375,1826.1949462890625
2021-03-12,57332.08984375,1772.1024169921875
2021-03-13,61243.0859375,1924.6854248046875
2021-03-14,59302.31640625,1854.5643310546875
2021-03-15,55907.19921875,1791.7022705078125
2021-03-16,56804.90234375,1806.9718017578125
2021-03-17,58870.89453125,1823.4493408203125
2021-03-18,57858.921875,1782.8551025390625
2021-03-19,58346.65234375,1817.6241455078125
2021-03-20,58313.64453125,1812.6346435546875
2021-03-21,57523.421875,1788.217041015625
2021-03-22,54529.14453125,1691.333984375
2021-03-23,54738.9453125,1678.650146484375
2021-03-24,52774.265625,1593.4134521484375
2021-03-25,51704.16015625,1595.3592529296875
2021-03-26,55137.3125,1702.842041015625
2021-03-27,55973.51171875,1716.49462890625
2021-03-28,55950.74609375,1691.35595703125
2021-03-29,57750.19921875,1819.6849365234375
2021-03-30,58917.69140625,1846.03369140625
2021-03-31,58918.83203125,1918.362060546875
2021-04-01,59095.80859375,1977.27685546875
2021-04-02,59384.3125,2143.2255859375
2021-04-03,57603.890625,2028.4224853515625
2021-04-04,58758.5546875,2093.122802734375
2021-04-05,59057.87890625,2107.88720703125
2021-04-06,58192.359375,2118.37890625
2021-04-07,56048.9375,1971.0772705078125
2021-04-08,58323.953125,2088.57373046875
2021-04-09,58245.00390625,2072.10888671875
2021-04-10,59793.234375,2135.942138671875
2021-04-11,60204.96484375,2157.656982421875
2021-04-12,59893.453125,2139.353271484375
2021-04-13,63503.45703125,2299.187744140625
2021-04-14,63109.6953125,2435.10498046875
2021-04-15,63314.01171875,2519.1162109375
2021-04-16,61572.7890625,2431.946533203125
2021-04-17,60683.8203125,2344.89501953125
2021-04-18,56216.18359375,2237.136962890625
2021-04-19,55724.265625,2166.188720703125
2021-04-20,56473.03125,2330.2109375
2021-04-21,53906.08984375,2364.751708984375
2021-04-22,51762.2734375,2403.53515625
2021-04-23,51093.65234375,2363.586181640625
2021-04-24,50050.8671875,2211.625732421875
2021-04-25,49004.25390625,2316.0595703125
2021-04-26,54021.75390625,2534.481689453125
2021-04-27,55033.1171875,2662.865234375
2021-04-28,54824.703125,2746.380126953125
2021-04-29,53555.109375,2756.876953125
2021-04-30,57750.17578125,2773.20703125
2021-05-01,57828.05078125,2945.892822265625
2021-05-02,56631.078125,2952.05615234375
2021-05-03,57200.29296875,3431.086181640625
2021-05-04,53333.5390625,3253.62939453125
2021-05-05,57424.0078125,3522.783203125
2021-05-06,56396.515625,3490.88037109375
2021-05-07,57356.40234375,3484.72900390625
2021-05-08,58803.77734375,3902.647705078125
2021-05-09,58232.31640625,3928.8447265625
2021-05-10,55859.796875,3952.2939453125
2021-05-11,56704.57421875,4168.701171875
2021-05-12,49150.53515625,3785.8486328125
2021-05-13,49716.19140625,3715.1484375
2021-05-14,49880.53515625,4079.057373046875
2021-05-15,46760.1875,3638.1220703125
2021-05-16,46456.05859375,3587.506103515625
2021-05-17,43537.51171875,3282.397705078125
2021-05-18,42909.40234375,3380.070068359375
2021-05-19,37002.44140625,2460.67919921875
2021-05-20,40782.73828125,2784.294189453125
2021-05-21,37304.69140625,2430.621337890625
2021-05-22,37536.6328125,2295.70556640625
2021-05-23,34770.58203125,2109.579833984375
2021-05-24,38705.98046875,2643.591064453125
2021-05-25,38402.22265625,2706.62890625
2021-05-26,39294.19921875,2888.69873046875
2021-05-27,38436.96875,2736.488525390625
2021-05-28,35697.60546875,2419.90625
2021-05-29,34616.06640625,2279.51416015625
2021-05-30,35678.12890625,2390.305419921875
2021-05-31,37332.85546875,2714.9453125
2021-06-01,36684.92578125,2633.518310546875
2021-06-02,37575.1796875,2706.125
2021-06-03,39208.765625,2855.12646484375
2021-06-04,36894.40625,2688.195068359375
2021-06-05,35551.95703125,2630.576904296875
2021-06-06,35862.37890625,2715.0927734375
2021-06-07,33560.70703125,2590.26318359375
2021-06-08,33472.6328125,2517.438720703125
2021-06-09,37345.12109375,2608.26708984375
2021-06-10,36702.59765625,2471.5185546875
2021-06-11,37334.3984375,2353.768798828125
2021-06-12,35552.515625,2372.484375
2021-06-13,39097.859375,2508.3916015625
2021-06-14,40218.4765625,2537.89111328125
2021-06-15,40406.26953125,2610.936767578125
2021-06-16,38347.0625,2367.66357421875
2021-06-17,38053.50390625,2372.001953125
2021-06-18,35787.24609375,2231.733154296875
2021-06-19,35615.87109375,2178.4990234375
2021-06-20,35698.296875,2246.364501953125
2021-06-21,31676.693359375,1888.447509765625
2021-06-22,32505.66015625,1874.9500732421875
2021-06-23,33723.02734375,1989.736328125
2021-06-24,34662.4375,1988.456298828125
2021-06-25,31637.779296875,1813.21728515625
2021-06-26,32186.27734375,1829.2392578125
2021-06-27,34649.64453125,1978.8946533203125
2021-06-28,34434.3359375,2079.657470703125
2021-06-29,35867.77734375,2160.768310546875
2021-06-30,35040.8359375,2274.547607421875
2021-07-01,33572.1171875,2113.60546875
2021-07-02,33897.046875,2150.040283203125
2021-07-03,34668.546875,2226.1142578125
2021-07-04,35287.78125,2321.72412109375
2021-07-05,33746.00390625,2198.58251953125
2021-07-06,34235.1953125,2324.679443359375
2021-07-07,33855.328125,2315.161865234375
2021-07-08,32877.37109375,2120.0263671875
2021-07-09,33798.01171875,2146.6923828125
2021-07-10,33520.51953125,2111.403564453125
2021-07-11,34240.1875,2139.664794921875
2021-07-12,33155.84765625,2036.7210693359375
2021-07-13,32702.025390625,1940.083984375
2021-07-14,32822.34765625,1994.331298828125
2021-07-15,31780.73046875,1911.1756591796875
2021-07-16,31421.5390625,1880.3829345703125
2021-07-17,31533.068359375,1898.8251953125
2021-07-18,31796.810546875,1895.5521240234375
2021-07-19,30817.83203125,1817.296630859375
2021-07-20,29807.34765625,1787.5107421875
2021-07-21,32110.693359375,1990.9708251953125
2021-07-22,32313.10546875,2025.2027587890625
2021-07-23,33581.55078125,2124.776611328125
2021-07-24,34292.4453125,2189.21875
2021-07-25,35350.1875,2191.373779296875
2021-07-26,37337.53515625,2233.36669921875
2021-07-27,39406.94140625,2298.33349609375
2021-07-28,39995.90625,2296.54541015625
2021-07-29,40008.421875,2380.956787109375
2021-07-30,42235.546875,2466.96142578125
2021-07-31,41626.1953125,2536.2099609375
2021-08-01,39974.89453125,2561.85205078125
2021-08-02,39201.9453125,2610.1533203125
2021-08-03,38152.98046875,2502.349609375
2021-08-04,39747.50390625,2724.619873046875
2021-08-05,40869.5546875,2827.328857421875
2021-08-06,42816.5,2890.941650390625
2021-08-07,44555.80078125,3157.23876953125
2021-08-08,43798.1171875,3013.732666015625
2021-08-09,46365.40234375,3167.856201171875
2021-08-10,45585.03125,3141.691162109375
2021-08-11,45593.63671875,3164.2451171875
2021-08-12,44428.2890625,3043.414306640625
2021-08-13,47793.3203125,3322.211669921875
2021-08-14,47096.9453125,3265.443359375
2021-08-15,47047.00390625,3310.504150390625
2021-08-16,46004.484375,3156.509521484375
2021-08-17,44695.359375,3014.845947265625
2021-08-18,44801.1875,3020.08984375
2021-08-19,46717.578125,3182.7021484375
2021-08-20,49339.17578125,3286.935302734375
2021-08-21,48905.4921875,3226.083984375
2021-08-22,49321.65234375,3242.115478515625
2021-08-23,49546.1484375,3319.25732421875
2021-08-24,47706.1171875,3172.456298828125
2021-08-25,48960.7890625,3224.915283203125
2021-08-26,46942.21875,3100.325439453125
2021-08-27,49058.66796875,3270.600830078125
2021-08-28,48902.40234375,3244.4033203125
2021-08-29,48829.83203125,3227.002685546875
2021-08-30,47054.984375,3224.374267578125
2021-08-31,47166.6875,3433.732666015625
2021-09-01,48847.02734375,3834.828125
2021-09-02,49327.72265625,3790.989990234375
2021-09-03,50025.375,3940.61474609375
2021-09-04,49944.625,3887.828369140625
2021-09-05,51753.41015625,3952.133544921875
2021-09-06,52633.53515625,3928.37939453125
2021-09-07,46811.12890625,3426.394287109375
2021-09-08,46091.390625,3497.315185546875
2021-09-09,46391.421875,3427.340087890625
2021-09-10,44883.91015625,3211.505859375
2021-09-11,45201.45703125,3270.278076171875
2021-09-12,46063.26953125,3410.134521484375
2021-09-13,44963.07421875,3285.51171875
2021-09-14,47092.4921875,3429.169677734375
2021-09-15,48176.34765625,3615.28271484375
2021-09-16,47783.359375,3571.294921875
2021-09-17,47267.51953125,3398.538818359375
2021-09-18,48278.36328125,3432.018310546875
2021-09-19,47260.21875,3329.447998046875
2021-09-20,42843.80078125,2958.993408203125
2021-09-21,40693.67578125,2764.43115234375
2021-09-22,43574.5078125,3077.867919921875
2021-09-23,44895.09765625,3155.523681640625
2021-09-24,42839.75,2931.669189453125
2021-09-25,42716.59375,2925.565673828125
2021-09-26,43208.5390625,3062.265380859375
2021-09-27,42235.73046875,2934.138916015625
2021-09-28,41034.54296875,2807.296630859375
2021-09-29,41564.36328125,2853.143310546875
2021-09-30,43790.89453125,3001.678955078125
2021-10-01,48116.94140625,3307.51611328125
2021-10-02,47711.48828125,3391.6943359375
2021-10-03,48199.953125,3418.358642578125
2021-10-04,49112.90234375,3380.089111328125
2021-10-05,51514.8125,3518.5185546875
2021-10-06,55361.44921875,3580.56201171875
2021-10-07,53805.984375,3587.974853515625
2021-10-08,53967.84765625,3563.75927734375
2021-10-09,54968.22265625,3575.716796875
2021-10-10,54771.578125,3425.852783203125
2021-10-11,57484.7890625,3545.35400390625
2021-10-12,56041.05859375,3492.5732421875
2021-10-13,57401.09765625,3606.20166015625
2021-10-14,57321.5234375,3786.01416015625
2021-10-15,61593.94921875,3862.634765625
2021-10-16,60892.1796875,3830.382080078125
2021-10-17,61553.6171875,3847.1044921875
2021-10-18,62026.078125,3748.76025390625
2021-10-19,64261.9921875,3877.65087890625
2021-10-20,65992.8359375,4155.9921875
2021-10-21,62210.171875,4054.32275390625
2021-10-22,60692.265625,3970.181884765625
2021-10-23,61393.6171875,4171.66357421875
2021-10-24,60930.8359375,4087.903076171875
2021-10-25,63039.82421875,4217.876953125
2021-10-26,60363.79296875,4131.10205078125
2021-10-27,58482.38671875,3930.25732421875
2021-10-28,60622.13671875,4287.31884765625
2021-10-29,62227.96484375,4414.74658203125
2021-10-30,61888.83203125,4325.650390625
2021-10-31,61318.95703125,4288.07421875
2021-11-01,61004.40625,4324.626953125
2021-11-02,63226.40234375,4584.798828125
2021-11-03,62970.046875,4607.19384765625
2021-11-04,61452.23046875,4537.32421875
2021-11-05,61125.67578125,4486.2431640625
2021-11-06,61527.48046875,4521.5810546875
2021-11-07,63326.98828125,4620.5546875
2021-11-08,67566.828125,4812.08740234375
2021-11-09,66971.828125,4735.06884765625
2021-11-10,64995.23046875,4636.17431640625
2021-11-11,64949.9609375,4730.38427734375
2021-11-12,64155.94140625,4667.115234375
2021-11-13,64469.52734375,4651.46044921875
2021-11-14,65466.83984375,4626.35888671875
2021-11-15,63557.87109375,4557.50390625
2021-11-16,60161.24609375,4216.365234375
2021-11-17,60368.01171875,4287.59375
2021-11-18,56942.13671875,4000.65087890625
2021-11-19,58119.578125,4298.306640625
2021-11-20,59697.1953125,4409.93115234375
2021-11-21,58730.4765625,4269.73291015625
2021-11-22,56289.2890625,4088.457763671875
2021-11-23,57569.07421875,4340.763671875
2021-11-24,56280.42578125,4239.9814453125
2021-11-25,57274.6796875,4274.7431640625
2021-11-26,53569.765625,4030.908935546875
2021-11-27,54815.078125,4096.912109375
2021-11-28,57248.45703125,4294.45361328125
2021-11-29,57806.56640625,4445.10498046875
2021-11-30,57005.42578125,4631.47900390625
2021-12-01,57229.828125,4586.990234375
2021-12-02,56477.81640625,4511.30224609375
2021-12-03,53598.24609375,4220.7060546875
2021-12-04,49200.703125,4119.58740234375
2021-12-05,49368.84765625,4198.32275390625
2021-12-06,50582.625,4358.7373046875
2021-12-07,50700.0859375,4315.0615234375
2021-12-08,50504.796875,4439.35791015625
2021-12-09,47672.12109375,4119.81591796875
2021-12-10,47243.3046875,3908.49609375
2021-12-11,49362.5078125,4084.452392578125
2021-12-12,50098.3359375,4134.453125
2021-12-13,46737.48046875,3784.226806640625
2021-12-14,46612.6328125,3745.4404296875
2021-12-15,48896.72265625,4018.388671875
2021-12-16,47665.42578125,3962.4697265625
2021-12-17,46202.14453125,3879.486572265625
2021-12-18,46848.77734375,3960.860107421875
2021-12-19,46707.015625,3922.592529296875
2021-12-20,46880.27734375,3933.844482421875
2021-12-21,48936.61328125,4020.260009765625
2021-12-22,48628.51171875,3982.099609375
2021-12-23,50784.5390625,4108.015625
2021-12-24,50822.1953125,4047.98291015625
2021-12-25,50429.859375,4093.281005859375
2021-12-26,50809.515625,4067.328125
2021-12-27,50640.41796875,4037.547607421875
2021-12-28,47588.85546875,3800.89306640625
2021-12-29,46444.7109375,3628.53173828125
2021-12-30,47178.125,3713.85205078125
2021-12-31,46306.4453125,3682.6328125
2022-01-01,47686.8125,3769.697021484375
2022-01-02,47345.21875,3829.56494140625
2022-01-03,46458.1171875,3761.38037109375
2022-01-04,45897.57421875,3794.056640625
2022-01-05,43569.00390625,3550.386962890625
2022-01-06,43160.9296875,3418.408203125
2022-01-07,41557.90234375,3193.21044921875
2022-01-08,41733.94140625,3091.97265625
2022-01-09,41911.6015625,3157.75146484375
2022-01-10,41821.26171875,3083.097900390625
2022-01-11,42735.85546875,3238.111572265625
2022-01-12,43949.1015625,3372.25830078125
2022-01-13,42591.5703125,3248.28857421875
2022-01-14,43099.69921875,3310.00146484375
2022-01-15,43177.3984375,3330.53076171875
2022-01-16,43113.87890625,3350.921875
2022-01-17,42250.55078125,3212.304931640625
2022-01-18,42375.6328125,3164.025146484375
2022-01-19,41744.328125,3095.825927734375
2022-01-20,40680.41796875,3001.1201171875
2022-01-21,36457.31640625,2557.931640625
2022-01-22,35030.25,2405.18115234375
2022-01-23,36276.8046875,2535.0390625
2022-01-24,36654.328125,2440.352294921875
2022-01-25,36954.00390625,2455.93505859375
2022-01-26,36852.12109375,2468.0302734375
2022-01-27,37138.234375,2423.001220703125
2022-01-28,37784.33203125,2547.092041015625
2022-01-29,38138.1796875,2597.084716796875
2022-01-30,37917.6015625,2603.466552734375
2022-01-31,38483.125,2688.27880859375
2022-02-01,38743.2734375,2792.1171875
2022-02-02,36952.984375,2682.85400390625
2022-02-03,37154.6015625,2679.16259765625
2022-02-04,41500.875,2983.5869140625
2022-02-05,41441.1640625,3014.648193359375
2022-02-06,42412.43359375,3057.47607421875
2022-02-07,43840.28515625,3142.470703125
2022-02-08,44118.4453125,3122.608642578125
2022-02-09,44338.796875,3239.45703125
2022-02-10,43565.11328125,3077.482177734375
2022-02-11,42407.9375,2927.383544921875
2022-02-12,42244.46875,2917.36279296875
2022-02-13,42197.515625,2883.46337890625
2022-02-14,42586.91796875,2933.47900390625
2022-02-15,44575.203125,3179.877197265625
2022-02-16,43961.859375,3127.830078125
2022-02-17,40538.01171875,2881.48193359375
2022-02-18,40030.9765625,2785.7275390625
2022-02-19,40122.15625,2763.701171875
2022-02-20,38431.37890625,2628.6484375
2022-02-21,37075.28125,2573.816162109375
2022-02-22,38286.02734375,2639.29931640625
2022-02-23,37296.5703125,2590.359619140625
2022-02-24,38332.609375,2598.067138671875
2022-02-25,39214.21875,2764.53564453125
2022-02-26,39105.1484375,2781.11181640625
2022-02-27,37709.78515625,2621.8017578125
2022-02-28,43193.234375,2919.201171875
2022-03-01,44354.63671875,2972.485107421875
2022-03-02,43924.1171875,2950.118408203125
2022-03-03,42451.7890625,2834.468994140625
2022-03-04,39137.60546875,2617.156005859375
2022-03-05,39400.5859375,2664.8310546875
2022-03-06,38419.984375,2555.037353515625
2022-03-07,38062.0390625,2497.771240234375
2022-03-08,38737.26953125,2576.74755859375
2022-03-09,41982.92578125,2729.783447265625
2022-03-10,39437.4609375,2608.048583984375
2022-03-11,38794.97265625,2559.56298828125
2022-03-12,38904.01171875,2574.754150390625
2022-03-13,37849.6640625,2518.944580078125
2022-03-14,39666.75390625,2590.696044921875
2022-03-15,39338.78515625,2620.149658203125
2022-03-16,41143.9296875,2772.0556640625
2022-03-17,40951.37890625,2814.8544921875
2022-03-18,41801.15625,2945.343017578125
2022-03-19,42190.65234375,2946.257080078125
2022-03-20,41247.82421875,2860.459228515625
2022-03-21,41077.99609375,2897.9765625
2022-03-22,42358.80859375,2973.131103515625
2022-03-23,42892.95703125,3031.067138671875
2022-03-24,43960.93359375,3108.06201171875
2022-03-25,44348.73046875,3106.67138671875
2022-03-26,44500.828125,3143.178955078125
2022-03-27,46820.4921875,3291.57763671875
2022-03-28,47128.00390625,3336.634521484375
2022-03-29,47465.73046875,3401.98779296875
2022-03-30,47062.6640625,3385.157958984375
2022-03-31,45538.67578125,3281.642822265625
2022-04-01,46281.64453125,3449.55224609375
2022-04-02,45868.94921875,3445.059326171875
2022-04-03,46453.56640625,3522.83349609375
2022-04-04,46622.67578125,3521.2412109375
2022-04-05,45555.9921875,3411.79248046875
2022-04-06,43206.73828125,3171.69189453125
2022-04-07,43503.84765625,3233.274658203125
2022-04-08,42287.6640625,3192.073974609375
2022-04-09,42782.13671875,3261.916259765625
2022-04-10,42207.671875,3211.866943359375
2022-04-11,39521.90234375,2981.05224609375
2022-04-12,40127.18359375,3030.37646484375
2022-04-13,41166.73046875,3118.34423828125
2022-04-14,39935.515625,3019.909423828125
2022-04-15,40553.46484375,3040.91650390625
2022-04-16,40424.484375,3062.310302734375
2022-04-17,39716.953125,2993.4033203125
2022-04-18,40826.21484375,3057.606689453125
2022-04-19,41502.75,3104.1064453125
2022-04-20,41374.37890625,3077.745849609375
2022-04-21,40527.36328125,2987.480712890625
2022-04-22,39740.3203125,2964.835693359375
2022-04-23,39486.73046875,2938.114013671875
2022-04-24,39469.29296875,2922.732666015625
2022-04-25,40458.30859375,3009.3935546875
2022-04-26,38117.4609375,2808.29833984375
2022-04-27,39241.12109375,2888.9296875
2022-04-28,39773.828125,2936.94091796875
2022-04-29,38609.82421875,2815.601806640625
2022-04-30,37714.875,2730.186767578125
2022-05-01,38469.09375,2827.756103515625
2022-05-02,38529.328125,2857.410400390625
2022-05-03,37750.453125,2783.476318359375
2022-05-04,39698.37109375,2940.644775390625
2022-05-05,36575.140625,2749.213134765625
2022-05-06,36040.921875,2694.979736328125
2022-05-07,35501.953125,2636.093017578125
2022-05-08,34059.265625,2517.4599609375
2022-05-09,30296.953125,2245.430419921875
2022-05-10,31022.90625,2343.510986328125
2022-05-11,28936.35546875,2072.108642578125
2022-05-12,29047.751953125,1961.7015380859375
2022-05-13,29283.103515625,2014.418212890625
2022-05-14,30101.265625,2056.27392578125
2022-05-15,31305.11328125,2145.706787109375
2022-05-16,29862.91796875,2022.7259521484375
2022-05-17,30425.857421875,2090.4091796875
2022-05-18,28720.271484375,1916.6561279296875
2022-05-19,30314.333984375,2018.336181640625
2022-05-20,29200.740234375,1961.315673828125
2022-05-21,29432.2265625,1974.518310546875
2022-05-22,30323.72265625,2043.170166015625
2022-05-23,29098.91015625,1972.181884765625
2022-05-24,29655.5859375,1978.9827880859375
2022-05-25,29562.361328125,1944.827880859375
2022-05-26,29267.224609375,1803.913330078125
2022-05-27,28627.57421875,1724.9228515625
2022-05-28,28814.900390625,1757.9417724609375
2022-05-29,29445.95703125,1812.031005859375
2022-05-30,31726.390625,1996.4412841796875
2022-05-31,31792.310546875,1942.3280029296875
2022-06-01,29799.080078125,1823.5693359375
2022-06-02,30467.48828125,1834.1505126953125
2022-06-03,29704.390625,1775.07861328125
2022-06-04,29832.9140625,1801.6094970703125
2022-06-05,29906.662109375,1805.2049560546875
2022-06-06,31370.671875,1859.2896728515625
2022-06-07,31155.478515625,1814.04833984375
2022-06-08,30214.35546875,1793.572265625
2022-06-09,30111.998046875,1789.8260498046875
2022-06-10,29083.8046875,1665.042236328125
2022-06-11,28360.810546875,1529.6634521484375
2022-06-12,26762.6484375,1445.216552734375
2022-06-13,22487.388671875,1204.582763671875
2022-06-14,22206.79296875,1211.662841796875
2022-06-15,22572.83984375,1233.2064208984375
2022-06-16,20381.650390625,1067.730712890625
2022-06-17,20471.482421875,1086.519287109375
2022-06-18,19017.642578125,993.6367797851562
2022-06-19,20553.271484375,1127.656494140625
2022-06-20,20599.537109375,1127.6424560546875
2022-06-21,20710.59765625,1124.8245849609375
2022-06-22,19987.029296875,1051.421875
2022-06-23,21085.876953125,1143.38671875
2022-06-24,21231.65625,1226.8447265625
2022-06-25,21502.337890625,1243.4468994140625
2022-06-26,21027.294921875,1199.8316650390625
2022-06-27,20735.478515625,1193.6806640625
2022-06-28,20280.634765625,1144.5792236328125
2022-06-29,20104.0234375,1098.94384765625
2022-06-30,19784.7265625,1067.298828125
2022-07-01,19269.3671875,1059.767333984375
2022-07-02,19242.255859375,1066.5128173828125
2022-07-03,19297.076171875,1073.7669677734375
2022-07-04,20231.26171875,1151.05908203125
2022-07-05,20190.115234375,1134.541015625
2022-07-06,20548.24609375,1186.9739990234375
2022-07-07,21637.587890625,1237.5933837890625
2022-07-08,21731.1171875,1222.5062255859375
2022-07-09,21592.20703125,1216.978271484375
2022-07-10,20860.44921875,1168.401611328125
2022-07-11,19970.556640625,1097.236572265625
2022-07-12,19323.9140625,1038.191650390625
2022-07-13,20212.07421875,1113.587158203125
2022-07-14,20569.919921875,1191.5262451171875
2022-07-15,20836.328125,1233.129150390625
2022-07-16,21190.31640625,1352.62646484375
2022-07-17,20779.34375,1338.6357421875
2022-07-18,22485.689453125,1578.7178955078125
2022-07-19,23389.43359375,1542.9752197265625
2022-07-20,23231.732421875,1520.20068359375
2022-07-21,23164.62890625,1576.74951171875
2022-07-22,22714.978515625,1537.4051513671875
2022-07-23,22465.478515625,1549.2974853515625
2022-07-24,22609.1640625,1599.4766845703125
2022-07-25,21361.701171875,1445.3834228515625
2022-07-26,21239.75390625,1441.8067626953125
2022-07-27,22930.548828125,1636.232666015625
2022-07-28,23843.88671875,1725.4681396484375
2022-07-29,23804.6328125,1727.406982421875
2022-07-30,23656.20703125,1695.969482421875
2022-07-31,23336.896484375,1681.517333984375
2022-08-01,23314.19921875,1635.19580078125
2022-08-02,22978.1171875,1632.9454345703125
2022-08-03,22846.5078125,1618.87451171875
2022-08-04,22630.95703125,1608.205810546875
2022-08-05,23289.314453125,1732.254638671875
2022-08-06,22961.279296875,1691.6580810546875
2022-08-07,23175.890625,1699.350830078125
2022-08-08,23809.486328125,1775.51611328125
2022-08-09,23164.318359375,1703.0250244140625
2022-08-10,23947.642578125,1851.74267578125
2022-08-11,23957.529296875,1881.22412109375
2022-08-12,24402.818359375,1957.2464599609375
2022-08-13,24424.068359375,1981.3365478515625
2022-08-14,24319.333984375,1936.802001953125
2022-08-15,24136.97265625,1904.2281494140625
2022-08-16,23883.291015625,1878.139404296875
2022-08-17,23335.998046875,1832.9996337890625
2022-08-18,23212.73828125,1847.0078125
2022-08-19,20877.552734375,1612.9873046875
2022-08-20,21166.060546875,1577.0037841796875
2022-08-21,21534.12109375,1619.3189697265625
2022-08-22,21398.908203125,1622.505859375
2022-08-23,21528.087890625,1662.7698974609375
2022-08-24,21395.01953125,1657.0592041015625
2022-08-25,21600.904296875,1696.45703125
2022-08-26,20260.01953125,1507.7828369140625
2022-08-27,20041.73828125,1491.39501953125
2022-08-28,19616.814453125,1430.54736328125
2022-08-29,20297.994140625,1553.037353515625
2022-08-30,19796.80859375,1523.8388671875
2022-08-31,20049.763671875,1553.6849365234375
2022-09-01,20127.140625,1586.1767578125
2022-09-02,19969.771484375,1577.220458984375
2022-09-03,19832.087890625,1556.8726806640625
2022-09-04,19986.712890625,1577.6416015625
2022-09-05,19812.37109375,1617.1832275390625
2022-09-06,18837.66796875,1561.74853515625
2022-09-07,19290.32421875,1629.9063720703125
2022-09-08,19329.833984375,1635.34765625
2022-09-09,21381.15234375,1719.08544921875
2022-09-10,21680.5390625,1776.2037353515625
2022-09-11,21769.255859375,1761.800048828125
2022-09-12,22370.44921875,1713.7652587890625
2022-09-13,20296.70703125,1580.7879638671875
2022-09-14,20241.08984375,1634.7550048828125
2022-09-15,19701.2109375,1471.6934814453125
2022-09-16,19772.583984375,1432.44775390625
2022-09-17,20127.576171875,1469.74169921875
2022-09-18,19419.505859375,1335.3291015625
2022-09-19,19544.12890625,1377.5413818359375
2022-09-20,18890.7890625,1324.38818359375
2022-09-21,18547.400390625,1252.6077880859375
2022-09-22,19413.55078125,1327.68017578125
2022-09-23,19297.638671875,1328.259521484375
2022-09-24,18937.01171875,1317.9932861328125
2022-09-25,18802.09765625,1294.216796875
2022-09-26,19222.671875,1335.3201904296875
2022-09-27,19110.546875,1330.127685546875
2022-09-28,19426.720703125,1337.410888671875
2022-09-29,19573.05078125,1335.65234375
2022-09-30,19431.7890625,1327.9786376953125
2022-10-01,19312.095703125,1311.6444091796875
2022-10-02,19044.107421875,1276.093505859375
2022-10-03,19623.580078125,1323.439208984375
2022-10-04,20336.84375,1362.1265869140625
2022-10-05,20160.716796875,1352.837158203125
2022-10-06,19955.443359375,1351.70947265625
2022-10-07,19546.849609375,1332.5169677734375
2022-10-08,19416.568359375,1315.50048828125
2022-10-09,19446.42578125,1322.604248046875
2022-10-10,19141.484375,1291.337646484375
2022-10-11,19051.41796875,1279.57568359375
2022-10-12,19157.4453125,1294.9063720703125
2022-10-13,19382.904296875,1288.1239013671875
2022-10-14,19185.65625,1297.422119140625
2022-10-15,19067.634765625,1274.8717041015625
2022-10-16,19268.09375,1306.296630859375
2022-10-17,19550.7578125,1331.713623046875
2022-10-18,19334.416015625,1310.447021484375
2022-10-19,19139.53515625,1285.7442626953125
2022-10-20,19053.740234375,1283.200927734375
2022-10-21,19172.46875,1299.9464111328125
2022-10-22,19208.189453125,1314.2991943359375
2022-10-23,19567.0078125,1363.447021484375
2022-10-24,19345.572265625,1344.99853515625
2022-10-25,20095.857421875,1461.6654052734375
2022-10-26,20770.44140625,1566.566650390625
2022-10-27,20285.8359375,1514.3748779296875
2022-10-28,20595.3515625,1555.4779052734375
2022-10-29,20818.4765625,1619.698486328125
2022-10-30,20635.603515625,1590.7833251953125
2022-10-31,20495.7734375,1572.7144775390625
2022-11-01,20485.2734375,1579.70458984375
2022-11-02,20159.50390625,1519.7117919921875
2022-11-03,20209.98828125,1531.541748046875
2022-11-04,21147.23046875,1645.0933837890625
2022-11-05,21282.69140625,1627.968017578125
2022-11-06,20926.486328125,1572.2347412109375
2022-11-07,20602.81640625,1568.59130859375
2022-11-08,18541.271484375,1332.8355712890625
2022-11-09,15880.7802734375,1100.1697998046875
2022-11-10,17586.771484375,1299.464599609375
2022-11-11,17034.29296875,1287.2210693359375
2022-11-12,16799.185546875,1255.268310546875
2022-11-13,16353.365234375,1221.8192138671875
2022-11-14,16618.19921875,1241.604248046875
2022-11-15,16884.61328125,1251.7362060546875
2022-11-16,16669.439453125,1215.6025390625
2022-11-17,16687.517578125,1200.80859375
2022-11-18,16697.77734375,1212.30029296875
2022-11-19,16711.546875,1218.4267578125
2022-11-20,16291.83203125,1142.4666748046875
2022-11-21,15787.2841796875,1108.35302734375
2022-11-22,16189.76953125,1135.1734619140625
2022-11-23,16610.70703125,1183.1995849609375
2022-11-24,16604.46484375,1203.983154296875
2022-11-25,16521.841796875,1198.9259033203125
2022-11-26,16464.28125,1205.89794921875
2022-11-27,16444.626953125,1195.126953125
2022-11-28,16217.322265625,1170.086181640625
2022-11-29,16444.982421875,1216.9012451171875
2022-11-30,17168.56640625,1295.6885986328125
2022-12-01,16967.1328125,1276.27392578125
2022-12-02,17088.66015625,1294.3033447265625
2022-12-03,16908.236328125,1243.3348388671875
2022-12-04,17130.486328125,1280.256591796875
2022-12-05,16974.826171875,1259.6767578125
2022-12-06,17089.50390625,1271.65380859375
2022-12-07,16848.126953125,1232.4375
2022-12-08,17233.474609375,1281.1163330078125
2022-12-09,17133.15234375,1264.2847900390625
2022-12-10,17128.724609375,1266.3841552734375
2022-12-11,17104.193359375,1263.8685302734375
2022-12-12,17206.4375,1274.6190185546875
2022-12-13,17781.318359375,1320.5491943359375
2022-12-14,17815.650390625,1309.3287353515625
2022-12-15,17364.865234375,1266.3538818359375
2022-12-16,16647.484375,1168.2593994140625
2022-12-17,16795.091796875,1188.1495361328125
2022-12-18,16757.9765625,1184.7152099609375
2022-12-19,16439.6796875,1167.60986328125
2022-12-20,16906.3046875,1217.70361328125
2022-12-21,16817.53515625,1213.5999755859375
2022-12-22,16830.341796875,1218.18212890625
2022-12-23,16796.953125,1220.159423828125
2022-12-24,16847.755859375,1221.1485595703125
2022-12-25,16841.986328125,1218.9620361328125
2022-12-26,16919.8046875,1226.974365234375
2022-12-27,16717.173828125,1212.7916259765625
2022-12-28,16552.572265625,1189.986083984375
2022-12-29,16642.341796875,1201.5953369140625
2022-12-30,16602.5859375,1199.2327880859375
2022-12-31,16547.49609375,1196.771240234375
2023-01-01,16625.080078125,1200.96484375
2023-01-02,16688.470703125,1214.6566162109375
2023-01-03,16679.857421875,1214.77880859375
2023-01-04,16863.23828125,1256.526611328125
2023-01-05,16836.736328125,1250.4385986328125
2023-01-06,16951.96875,1269.3790283203125
2023-01-07,16955.078125,1264.2703857421875
2023-01-08,17091.14453125,1287.3594970703125
2023-01-09,17196.5546875,1321.5389404296875
2023-01-10,17446.29296875,1336.5860595703125
2023-01-11,17934.896484375,1387.9327392578125
2023-01-12,18869.587890625,1417.9384765625
2023-01-13,19909.57421875,1451.6148681640625
2023-01-14,20976.298828125,1550.7069091796875
2023-01-15,20880.798828125,1552.4794921875
2023-01-16,21169.6328125,1576.83349609375
2023-01-17,21161.51953125,1567.8460693359375
2023-01-18,20688.78125,1515.5069580078125
2023-01-19,21086.79296875,1552.5565185546875
2023-01-20,22676.552734375,1659.754150390625
2023-01-21,22777.625,1627.1181640625
2023-01-22,22720.416015625,1628.382080078125
2023-01-23,22934.431640625,1628.2510986328125
2023-01-24,22636.46875,1556.604248046875
2023-01-25,23117.859375,1611.7110595703125
2023-01-26,23032.77734375,1603.10595703125
2023-01-27,23078.728515625,1598.156494140625
2023-01-28,23031.08984375,1572.43505859375
2023-01-29,23774.56640625,1646.1556396484375
2023-01-30,22840.138671875,1567.3265380859375
2023-01-31,23139.283203125,1586.535400390625
2023-02-01,23723.76953125,1641.792724609375
2023-02-02,23471.87109375,1643.2415771484375
2023-02-03,23449.322265625,1664.74560546875
2023-02-04,23331.84765625,1667.0592041015625
2023-02-05,22955.666015625,1631.6458740234375
2023-02-06,22760.109375,1616.2470703125
2023-02-07,23264.291015625,1672.0035400390625
2023-02-08,22939.3984375,1650.716796875
2023-02-09,21819.0390625,1546.438232421875
2023-02-10,21651.18359375,1514.869140625
2023-02-11,21870.875,1539.9267578125
2023-02-12,21788.203125,1515.03369140625
2023-02-13,21808.1015625,1507.1658935546875
2023-02-14,22220.8046875,1556.8751220703125
2023-02-15,24307.841796875,1673.7459716796875
2023-02-16,23623.474609375,1640.067626953125
2023-02-17,24565.6015625,1694.7833251953125
2023-02-18,24641.27734375,1691.8194580078125
2023-02-19,24327.642578125,1681.4361572265625
2023-02-20,24829.1484375,1702.6751708984375
2023-02-21,24436.353515625,1658.036376953125
2023-02-22,24188.84375,1643.231689453125
2023-02-23,23947.4921875,1651.0738525390625
2023-02-24,23198.126953125,1608.3731689453125
2023-02-25,23175.375,1594.9149169921875
2023-02-26,23561.212890625,1640.817138671875
2023-02-27,23522.87109375,1634.326416015625
2023-02-28,23147.353515625,1605.8951416015625
2023-03-01,23646.55078125,1663.4337158203125
2023-03-02,23475.466796875,1647.3193359375
2023-03-03,22362.6796875,1569.1676025390625
2023-03-04,22353.349609375,1566.9239501953125
2023-03-05,22435.513671875,1564.46875
2023-03-06,22429.7578125,1567.398681640625
2023-03-07,22219.76953125,1561.93310546875
2023-03-08,21718.080078125,1534.0882568359375
2023-03-09,20363.021484375,1438.6607666015625
2023-03-10,20187.244140625,1429.1580810546875
2023-03-11,20632.41015625,1482.61669921875
2023-03-12,22163.94921875,1590.29296875
2023-03-13,24197.533203125,1680.3089599609375
2023-03-14,24746.07421875,1703.507080078125
2023-03-15,24375.9609375,1656.1805419921875
2023-03-16,25052.7890625,1677.2154541015625
2023-03-17,27423.9296875,1792.485107421875
2023-03-18,26965.87890625,1761.65966796875
2023-03-19,28038.67578125,1785.5765380859375
2023-03-20,27767.236328125,1735.3212890625
2023-03-21,28175.81640625,1806.7607421875
2023-03-22,27307.4375,1737.717041015625
2023-03-23,28333.97265625,1816.4051513671875
2023-03-24,27493.28515625,1752.0447998046875
2023-03-25,27494.70703125,1743.7647705078125
2023-03-26,27994.330078125,1775.6767578125
2023-03-27,27139.888671875,1715.4608154296875
2023-03-28,27268.130859375,1772.78564453125
2023-03-29,28348.44140625,1793.0018310546875
2023-03-30,28033.5625,1792.7371826171875
2023-03-31,28478.484375,1822.0220947265625
2023-04-01,28411.03515625,1813.860595703125
2023-04-02,28199.30859375,1795.7081298828125
2023-04-03,27790.220703125,1810.297119140625
2023-04-04,28168.08984375,1871.005126953125
2023-04-05,28177.984375,1909.114013671875
2023-04-06,28044.140625,1872.922607421875
2023-04-07,27925.859375,1865.6361083984375
2023-04-08,27947.794921875,1849.4981689453125
2023-04-09,28333.05078125,1859.3878173828125
2023-04-10,29652.98046875,1911.20751953125
2023-04-11,30235.05859375,1892.189697265625
2023-04-12,30139.052734375,1920.68212890625
2023-04-13,30399.06640625,2012.6346435546875
2023-04-14,30485.69921875,2101.635498046875
2023-04-15,30318.49609375,2092.466796875
2023-04-16,30315.35546875,2120.005859375
2023-04-17,29445.044921875,2076.242919921875
2023-04-18,30397.552734375,2104.537353515625
2023-04-19,28822.6796875,1936.4034423828125
2023-04-20,28245.98828125,1943.09765625
2023-04-21,27276.91015625,1849.9998779296875
2023-04-22,27817.5,1874.2286376953125
2023-04-23,27591.384765625,1862.06201171875
2023-04-24,27525.33984375,1842.7574462890625
2023-04-25,28307.59765625,1866.753662109375
2023-04-26,28422.701171875,1866.564208984375
2023-04-27,29473.787109375,1908.786376953125
2023-04-28,29340.26171875,1892.5128173828125
2023-04-29,29248.48828125,1908.9169921875
2023-04-30,29268.806640625,1876.92431640625
2023-05-01,28091.568359375,1831.954833984375
2023-05-02,28680.537109375,1870.789306640625
2023-05-03,29006.30859375,1904.65185546875
2023-05-04,28847.7109375,1877.7041015625
2023-05-05,29534.384765625,1995.0609130859375
2023-05-06,28904.623046875,1900.2218017578125
2023-05-07,28454.978515625,1873.076416015625
2023-05-08,27694.2734375,1849.042724609375
2023-05-09,27658.775390625,1848.6031494140625
2023-05-10,27621.755859375,1842.4014892578125
2023-05-11,27000.7890625,1796.4906005859375
2023-05-12,26804.990234375,1808.019775390625
2023-05-13,26784.078125,1796.1148681640625
2023-05-14,26930.638671875,1800.5009765625
2023-05-15,27192.693359375,1817.5499267578125
2023-05-16,27036.650390625,1824.1214599609375
2023-05-17,27398.802734375,1821.859619140625
2023-05-18,26832.208984375,1801.728515625
2023-05-19,26890.12890625,1812.5894775390625
2023-05-20,27129.5859375,1820.47802734375
2023-05-21,26753.826171875,1804.5313720703125
2023-05-22,26851.27734375,1817.5347900390625
2023-05-23,27225.7265625,1854.380615234375
2023-05-24,26334.818359375,1800.0999755859375
2023-05-25,26476.20703125,1805.9537353515625
2023-05-26,26719.291015625,1828.689697265625
2023-05-27,26868.353515625,1831.1182861328125
2023-05-28,28085.646484375,1910.9141845703125
2023-05-29,27745.884765625,1893.078125
2023-05-30,27702.349609375,1901.026611328125
2023-05-31,27219.658203125,1874.1304931640625
2023-06-01,26819.97265625,1862.201416015625
2023-06-02,27249.58984375,1907.256591796875
2023-06-03,27075.12890625,1892.4124755859375
2023-06-04,27119.06640625,1890.5135498046875
2023-06-05,25760.09765625,1811.828369140625
2023-06-06,27238.783203125,1884.494873046875
2023-06-07,26345.998046875,1832.39599609375
2023-06-08,26508.216796875,1846.3018798828125
2023-06-09,26480.375,1840.2252197265625
2023-06-10,25851.240234375,1752.384765625
2023-06-11,25940.16796875,1753.415283203125
2023-06-12,25902.5,1742.5286865234375
2023-06-13,25918.728515625,1739.03759765625
2023-06-14,25124.67578125,1650.519287109375
2023-06-15,25576.39453125,1665.519775390625
2023-06-16,26327.462890625,1716.6688232421875
2023-06-17,26510.67578125,1727.2041015625
2023-06-18,26336.212890625,1720.5775146484375
2023-06-19,26851.029296875,1737.659423828125
2023-06-20,28327.48828125,1792.1199951171875
2023-06-21,30027.296875,1891.0072021484375
2023-06-22,29912.28125,1872.9429931640625
2023-06-23,30695.46875,1892.862060546875
2023-06-24,30548.6953125,1876.0596923828125
2023-06-25,30480.26171875,1900.506103515625
2023-06-26,30271.130859375,1859.432861328125
2023-06-27,30688.1640625,1889.703369140625
2023-06-28,30086.24609375,1827.97119140625
2023-06-29,30445.3515625,1852.227294921875
2023-06-30,30477.251953125,1933.18896484375
2023-07-01,30590.078125,1924.56591796875
2023-07-02,30620.76953125,1937.4383544921875
2023-07-03,31156.439453125,1955.38916015625
2023-07-04,30777.58203125,1936.633544921875
2023-07-05,30514.166015625,1910.5880126953125
2023-07-06,29909.337890625,1848.636474609375
2023-07-07,30342.265625,1870.6025390625
2023-07-08,30292.541015625,1865.53955078125
2023-07-09,30171.234375,1863.009765625
2023-07-10,30414.470703125,1880.556396484375
2023-07-11,30620.951171875,1878.3360595703125
2023-07-12,30391.646484375,1872.11376953125
2023-07-13,31476.048828125,2006.511474609375
2023-07-14,30334.068359375,1939.3470458984375
2023-07-15,30295.806640625,1931.466552734375
2023-07-16,30249.1328125,1923.681884765625
2023-07-17,30145.888671875,1911.6461181640625
2023-07-18,29856.5625,1897.5992431640625
2023-07-19,29913.923828125,1889.0079345703125
2023-07-20,29792.015625,1890.9691162109375
2023-07-21,29908.744140625,1892.080078125
2023-07-22,29771.802734375,1864.912353515625
2023-07-23,30084.5390625,1889.191650390625
2023-07-24,29176.916015625,1850.0020751953125
2023-07-25,29227.390625,1857.741943359375
2023-07-26,29354.97265625,1872.159912109375
2023-07-27,29210.689453125,1860.357177734375
2023-07-28,29319.24609375,1874.744873046875
2023-07-29,29356.91796875,1881.06884765625
2023-07-30,29275.30859375,1861.643798828125
2023-07-31,29230.111328125,1856.162353515625
2023-08-01,29675.732421875,1871.7921142578125
2023-08-02,29151.958984375,1839.0897216796875
2023-08-03,29178.6796875,1835.136474609375
2023-08-04,29074.091796875,1827.712890625
2023-08-05,29042.126953125,1834.9879150390625
2023-08-06,29041.85546875,1827.4620361328125
2023-08-07,29180.578125,1826.9388427734375
2023-08-08,29765.4921875,1855.807373046875
2023-08-09,29561.494140625,1854.297607421875
2023-08-10,29429.591796875,1850.75341796875
2023-08-11,29397.71484375,1847.1243896484375
2023-08-12,29415.96484375,1848.889892578125
2023-08-13,29282.9140625,1839.2801513671875
2023-08-14,29408.443359375,1844.185791015625
2023-08-15,29170.34765625,1826.9327392578125
2023-08-16,28701.779296875,1805.6590576171875
2023-08-17,26664.55078125,1684.9334716796875
2023-08-18,26049.556640625,1660.945068359375
2023-08-19,26096.205078125,1669.471923828125
2023-08-20,26189.583984375,1684.85205078125
2023-08-21,26124.140625,1667.26904296875
2023-08-22,26031.65625,1633.892578125
2023-08-23,26431.640625,1679.2744140625
2023-08-24,26162.373046875,1659.944580078125
2023-08-25,26047.66796875,1652.93505859375
2023-08-26,26008.462890625,1646.3067626953125
2023-08-27,26089.693359375,1657.5130615234375
2023-08-28,26106.150390625,1652.4573974609375
2023-08-29,27727.392578125,1729.7257080078125
2023-08-30,27297.265625,1705.1121826171875
2023-08-31,25931.47265625,1645.63916015625
2023-09-01,25800.724609375,1628.4912109375
2023-09-02,25868.798828125,1637.025390625
2023-09-03,25969.56640625,1636.11767578125
2023-09-04,25812.416015625,1629.6552734375
2023-09-05,25779.982421875,1633.62939453125
2023-09-06,25753.236328125,1632.2523193359375
2023-09-07,26240.1953125,1647.5982666015625
2023-09-08,25905.654296875,1636.1378173828125
2023-09-09,25895.677734375,1635.162353515625
2023-09-10,25832.2265625,1616.828857421875
2023-09-11,25162.654296875,1551.6376953125
2023-09-12,25833.34375,1592.429443359375
2023-09-13,26228.32421875,1607.988525390625
2023-09-14,26539.673828125,1626.974365234375
2023-09-15,26608.693359375,1641.640380859375
2023-09-16,26568.28125,1635.2216796875
2023-09-17,26534.1875,1622.896728515625
2023-09-18,26754.28125,1637.3470458984375
2023-09-19,27211.1171875,1643.544677734375
2023-09-20,27132.0078125,1622.890625
2023-09-21,26567.6328125,1584.3070068359375
2023-09-22,26579.568359375,1593.268310546875
2023-09-23,26579.390625,1593.8577880859375
2023-09-24,26256.826171875,1580.8533935546875
2023-09-25,26298.48046875,1588.3228759765625
2023-09-26,26217.25,1593.417236328125
2023-09-27,26352.716796875,1597.4912109375
2023-09-28,27021.546875,1652.8826904296875
2023-09-29,26911.720703125,1667.94384765625
2023-09-30,26967.916015625,1671.161865234375
2023-10-01,27983.75,1733.8104248046875
2023-10-02,27530.78515625,1663.6275634765625
2023-10-03,27429.978515625,1656.6856689453125
2023-10-04,27799.39453125,1647.838134765625
2023-10-05,27415.912109375,1611.4764404296875
2023-10-06,27946.59765625,1645.83154296875
2023-10-07,27968.83984375,1634.51123046875
2023-10-08,27935.08984375,1633.548583984375
2023-10-09,27583.677734375,1579.806640625
2023-10-10,27391.01953125,1567.7130126953125
2023-10-11,26873.3203125,1566.2547607421875
2023-10-12,26756.798828125,1539.6124267578125
2023-10-13,26862.375,1552.0894775390625
2023-10-14,26861.70703125,1555.2568359375
2023-10-15,27159.65234375,1558.06982421875
2023-10-16,28519.466796875,1600.5343017578125
2023-10-17,28415.748046875,1565.4395751953125
2023-10-18,28328.341796875,1563.7498779296875
2023-10-19,28719.806640625,1567.45703125
2023-10-20,29682.94921875,1604.6668701171875
2023-10-21,29918.412109375,1629.304443359375
2023-10-22,29993.896484375,1663.429931640625
2023-10-23,33086.234375,1765.3826904296875
2023-10-24,33901.52734375,1784.4375
2023-10-25,34502.8203125,1787.3975830078125
2023-10-26,34156.6484375,1804.039306640625
2023-10-27,33909.80078125,1780.0452880859375
2023-10-28,34089.57421875,1776.6181640625
2023-10-29,34538.48046875,1795.5460205078125
2023-10-30,34502.36328125,1810.088623046875
2023-10-31,34667.78125,1816.458984375
2023-11-01,35437.25390625,1847.0897216796875
2023-11-02,34938.2421875,1800.6209716796875
2023-11-03,34732.32421875,1832.795166015625
2023-11-04,35082.1953125,1857.6986083984375
2023-11-05,35049.35546875,1894.15771484375
2023-11-06,35037.37109375,1899.83740234375
2023-11-07,35443.5625,1888.124267578125
2023-11-08,35655.27734375,1889.3223876953125
2023-11-09,36693.125,2120.56103515625
2023-11-10,37313.96875,2078.289794921875
2023-11-11,37138.05078125,2052.7138671875
2023-11-12,37054.51953125,2045.18701171875
2023-11-13,36502.35546875,2055.265380859375
2023-11-14,35537.640625,1979.0526123046875
2023-11-15,37880.58203125,2060.408447265625
2023-11-16,36154.76953125,1960.881591796875
2023-11-17,36596.68359375,1961.28076171875
2023-11-18,36585.703125,1963.2850341796875
2023-11-19,37386.546875,2013.2044677734375
2023-11-20,37476.95703125,2022.2391357421875
2023-11-21,35813.8125,1937.0667724609375
2023-11-22,37432.33984375,2064.42529296875
2023-11-23,37289.62109375,2062.210693359375
2023-11-24,37720.28125,2081.152099609375
2023-11-25,37796.79296875,2084.4130859375
2023-11-26,37479.12109375,2063.2861328125
2023-11-27,37254.16796875,2027.4173583984375
2023-11-28,37831.0859375,2049.338134765625
2023-11-29,37858.4921875,2029.92919921875
2023-11-30,37712.74609375,2052.55615234375
2023-12-01,38688.75,2087.139892578125
2023-12-02,39476.33203125,2165.7041015625
2023-12-03,39978.390625,2193.691650390625
2023-12-04,41980.09765625,2243.2158203125
2023-12-05,44080.6484375,2293.841796875
2023-12-06,43746.4453125,2231.661376953125
2023-12-07,43292.6640625,2357.57958984375
2023-12-08,44166.6015625,2358.73193359375
2023-12-09,43725.984375,2341.17529296875
2023-12-10,43779.69921875,2352.462646484375
2023-12-11,41243.83203125,2224.578857421875
2023-12-12,41450.22265625,2202.0380859375
2023-12-13,42890.7421875,2260.648681640625
2023-12-14,43023.97265625,2316.5791015625
2023-12-15,41929.7578125,2219.33740234375
2023-12-16,42240.1171875,2226.926513671875
2023-12-17,41364.6640625,2196.481201171875
2023-12-18,42623.5390625,2217.2734375
2023-12-19,42270.52734375,2177.87255859375
2023-12-20,43652.25,2201.911376953125
2023-12-21,43869.15234375,2239.54248046875
2023-12-22,43997.90234375,2326.52490234375
2023-12-23,43739.54296875,2309.04638671875
2023-12-24,43016.1171875,2265.692138671875
2023-12-25,43613.140625,2272.561767578125
2023-12-26,42520.40234375,2231.46533203125
2023-12-27,43442.85546875,2378.739990234375
2023-12-28,42627.85546875,2347.566162109375
2023-12-29,42099.40234375,2300.690673828125
2023-12-30,42156.90234375,2292.0654296875
2023-12-31,42265.1875,2281.47119140625
2024-01-01,44167.33203125,2352.327880859375
2024-01-02,44957.96875,2355.83642578125
2024-01-03,42848.17578125,2210.761962890625
2024-01-04,44179.921875,2269.0380859375
2024-01-05,44162.69140625,2268.647216796875
2024-01-06,43989.1953125,2241.624755859375
2024-01-07,43943.09765625,2222.865966796875
2024-01-08,46970.50390625,2333.03271484375
2024-01-09,46139.73046875,2344.8271484375
2024-01-10,46627.77734375,2582.103515625
2024-01-11,46368.5859375,2619.619140625
2024-01-12,42853.16796875,2524.460205078125
2024-01-13,42842.3828125,2576.597900390625
2024-01-14,41796.26953125,2472.2412109375
2024-01-15,42511.96875,2511.36376953125
2024-01-16,43154.9453125,2587.691162109375
2024-01-17,42742.65234375,2528.369384765625
2024-01-18,41262.05859375,2467.018798828125
2024-01-19,41618.40625,2489.49853515625
2024-01-20,41665.5859375,2469.589111328125
2024-01-21,41545.78515625,2453.9130859375
2024-01-22,39507.3671875,2310.826416015625
2024-01-23,39845.55078125,2240.68603515625
2024-01-24,40077.07421875,2233.561767578125
2024-01-25,39933.80859375,2217.710205078125
2024-01-26,41816.87109375,2267.19970703125
2024-01-27,42120.0546875,2267.885986328125
2024-01-28,42035.59375,2257.208740234375
2024-01-29,43288.24609375,2317.064208984375
2024-01-30,42952.609375,2344.49365234375
2024-01-31,42582.60546875,2282.54443359375
2024-02-01,43075.7734375,2303.82470703125
2024-02-02,43185.859375,2308.0380859375
2024-02-03,42992.25,2296.038330078125
2024-02-04,42583.58203125,2289.546142578125
2024-02-05,42658.66796875,2298.888916015625
2024-02-06,43084.671875,2372.201904296875
2024-02-07,44318.22265625,2423.7451171875
2024-02-08,45301.56640625,2419.906494140625
2024-02-09,47147.19921875,2487.515625
2024-02-10,47771.27734375,2501.228271484375
2024-02-11,48293.91796875,2507.570556640625
2024-02-12,49958.22265625,2658.115966796875
2024-02-13,49742.44140625,2642.185302734375
2024-02-14,51826.6953125,2777.90234375
2024-02-15,51938.5546875,2824.37890625
2024-02-16,52160.203125,2803.69140625
2024-02-17,51662.99609375,2786.672607421875
2024-02-18,52122.546875,2878.998046875
2024-02-19,51779.14453125,2943.57470703125
2024-02-20,52284.875,3013.503662109375
2024-02-21,51839.1796875,2970.35546875
2024-02-22,51304.97265625,2971.00732421875
2024-02-23,50731.94921875,2921.658203125
2024-02-24,51571.1015625,2992.385986328125
2024-02-25,51733.23828125,3112.697265625
2024-02-26,54522.40234375,3178.99365234375
2024-02-27,57085.37109375,3244.519287109375
2024-02-28,62504.7890625,3385.703857421875
2024-02-29,61198.3828125,3341.919677734375
2024-03-01,62440.6328125,3435.053955078125
2024-03-02,62029.84765625,3422.0498046875
2024-03-03,63167.37109375,3490.99365234375
2024-03-04,68330.4140625,3630.433837890625
2024-03-05,63801.19921875,3554.964599609375
2024-03-06,66106.8046875,3819.226318359375
2024-03-07,66925.484375,3874.34765625
2024-03-08,68300.09375,3892.06103515625
2024-03-09,68498.8828125,3915.4189453125
2024-03-10,69019.7890625,3881.193115234375
2024-03-11,72123.90625,4066.445068359375
2024-03-12,71481.2890625,3980.273193359375
2024-03-13,73083.5,4006.45703125
2024-03-14,71396.59375,3883.140380859375
2024-03-15,69403.7734375,3735.22021484375
2024-03-16,65315.1171875,3522.860107421875
2024-03-17,68390.625,3642.4130859375
2024-03-18,67548.59375,3517.985107421875
2024-03-19,61912.7734375,3157.6181640625
2024-03-20,67913.671875,3513.39306640625
2024-03-21,65491.390625,3492.9912109375
2024-03-22,63778.76171875,3333.68798828125
2024-03-23,64062.203125,3336.593994140625
2024-03-24,67234.171875,3454.636474609375
2024-03-25,69958.8125,3590.8837890625
2024-03-26,69987.8359375,3587.5048828125
2024-03-27,69455.34375,3500.115234375
2024-03-28,70744.953125,3561.2939453125
2024-03-29,69892.828125,3511.80615234375
2024-03-30,69645.3046875,3507.9443359375
2024-03-31,71333.6484375,3647.8564453125
2024-04-01,69702.1484375,3505.030029296875
2024-04-02,65446.97265625,3277.234619140625
2024-04-03,65980.8125,3311.44189453125
2024-04-04,68508.84375,3330.04052734375
2024-04-05,67837.640625,3318.88525390625
2024-04-06,68896.109375,3354.183837890625
2024-04-07,69362.5546875,3453.49462890625
2024-04-08,71631.359375,3695.292724609375
2024-04-09,69139.015625,3505.163330078125
2024-04-10,70587.8828125,3543.737060546875
2024-04-11,70060.609375,3505.247802734375
2024-04-12,67195.8671875,3243.034912109375
2024-04-13,63821.47265625,3004.900390625
2024-04-14,65738.7265625,3156.94189453125
2024-04-15,63426.2109375,3101.600341796875
2024-04-16,63811.86328125,3084.920166015625
2024-04-17,61276.69140625,2984.7275390625
2024-04-18,63512.75390625,3066.027587890625
2024-04-19,63843.5703125,3059.278564453125
2024-04-20,64994.44140625,3157.627197265625
2024-04-21,64926.64453125,3147.28857421875
2024-04-22,66837.6796875,3201.652099609375
2024-04-23,66407.2734375,3219.91162109375
2024-04-24,64276.8984375,3139.80517578125
2024-04-25,64481.70703125,3156.509521484375
2024-04-26,63755.3203125,3130.164794921875
2024-04-27,63419.140625,3252.168212890625
2024-04-28,63113.23046875,3262.774658203125
2024-04-29,63841.12109375,3215.428955078125
2024-04-30,60636.85546875,3012.286865234375
2024-05-01,58254.01171875,2969.78466796875
2024-05-02,59123.43359375,2988.16845703125
2024-05-03,62889.8359375,3103.5419921875
2024-05-04,63891.47265625,3117.576416015625
2024-05-05,64031.1328125,3137.2490234375
2024-05-06,63161.94921875,3062.728759765625
2024-05-07,62334.81640625,3006.5771484375
2024-05-08,61187.94140625,2973.6572265625
2024-05-09,63049.9609375,3036.0205078125
2024-05-10,60792.77734375,2909.791259765625
2024-05-11,60793.7109375,2911.60205078125
2024-05-12,61448.39453125,2928.701904296875
2024-05-13,62901.44921875,2949.359619140625
2024-05-14,61552.7890625,2881.157958984375
2024-05-15,66267.4921875,3037.056640625
2024-05-16,65231.58203125,2945.131103515625
2024-05-17,67051.875,3094.11865234375
2024-05-18,66940.8046875,3122.948974609375
2024-05-19,66278.3671875,3071.843017578125
2024-05-20,71448.1953125,3663.85546875
2024-05-21,70136.53125,3789.312744140625
2024-05-22,69122.3359375,3737.2177734375
2024-05-23,67929.5625,3776.92724609375
2024-05-24,68526.1015625,3726.9345703125
2024-05-25,69265.9453125,3749.236572265625
2024-05-26,68518.09375,3825.8974609375
2024-05-27,69394.5546875,3892.0068359375
2024-05-28,68296.21875,3840.25634765625
2024-05-29,67578.09375,3763.196533203125
2024-05-30,68364.9921875,3746.849609375
2024-05-31,67491.4140625,3760.026611328125
2024-06-01,67706.9375,3813.198974609375
2024-06-02,67751.6015625,3780.89599609375
2024-06-03,68804.78125,3766.38916015625
2024-06-04,70567.765625,3812.515869140625
2024-06-05,71082.8203125,3864.260986328125
2024-06-06,70757.1640625,3811.60595703125
2024-06-07,69342.5859375,3678.629150390625
2024-06-08,69305.7734375,3680.949951171875
2024-06-09,69647.9921875,3705.90380859375
2024-06-10,69512.28125,3666.717529296875
2024-06-11,67332.03125,3498.33056640625
2024-06-12,68241.1875,3559.61767578125
2024-06-13,66756.3984375,3469.28125
2024-06-14,66011.09375,3480.27197265625
2024-06-15,66191.0,3565.549560546875
2024-06-16,66639.046875,3620.5634765625
2024-06-17,66490.296875,3511.37890625
2024-06-18,65140.74609375,3483.681396484375
2024-06-19,64960.296875,3559.347412109375
2024-06-20,64828.65625,3511.0869140625
2024-06-21,64096.19921875,3516.07568359375
2024-06-22,64252.578125,3494.8134765625
2024-06-23,63180.796875,3418.61181640625
2024-06-24,60277.4140625,3350.25634765625
2024-06-25,61804.640625,3395.029052734375
2024-06-26,60811.27734375,3369.477294921875
2024-06-27,61604.80078125,3444.800537109375
2024-06-28,60320.13671875,3373.635986328125
2024-06-29,60887.37890625,3372.9677734375
2024-06-30,62678.29296875,3432.88916015625
2024-07-01,62851.98046875,3440.341552734375
2024-07-02,62029.015625,3416.354736328125
2024-07-03,60173.921875,3292.916748046875
2024-07-04,56977.703125,3054.52197265625
2024-07-05,56662.375,2981.5986328125
2024-07-06,58303.5390625,3069.3779296875
2024-07-07,55849.109375,2929.38720703125
2024-07-08,56705.09765625,3018.73193359375
2024-07-09,58009.2265625,3064.032958984375
2024-07-10,57742.49609375,3102.21875
2024-07-11,57344.9140625,3100.330810546875
2024-07-12,57899.46484375,3134.15869140625
2024-07-13,59231.953125,3177.19873046875
2024-07-14,60787.79296875,3244.0791015625
2024-07-15,64870.15234375,3489.552734375
2024-07-16,65097.1484375,3443.513427734375
2024-07-17,64118.79296875,3388.75244140625
2024-07-18,63974.06640625,3426.258544921875
2024-07-19,66710.15625,3505.73486328125
2024-07-20,67163.6484375,3519.29541015625
2024-07-21,68154.5234375,3536.60546875
2024-07-22,67585.25,3440.419921875
2024-07-23,65927.671875,3481.995849609375
2024-07-24,65372.1328125,3336.33935546875
2024-07-25,65777.2265625,3174.42724609375
2024-07-26,67912.0625,3275.951416015625
2024-07-27,67813.3359375,3247.60791015625
2024-07-28,68255.8671875,3271.464599609375
2024-07-29,66819.9140625,3320.539306640625
2024-07-30,66201.015625,3278.667724609375
2024-07-31,64619.25,3231.295654296875
2024-08-01,65357.5,3201.564453125
2024-08-02,61415.06640625,2986.01318359375
2024-08-03,60680.09375,2903.3857421875
2024-08-04,58116.9765625,2686.39892578125
2024-08-05,53991.45703125,2417.206298828125
2024-08-06,56034.31640625,2458.723876953125
2024-08-07,55027.4609375,2336.58935546875
2024-08-08,61710.13671875,2683.352783203125
2024-08-09,60880.11328125,2599.5986328125
2024-08-10,60945.8125,2610.02294921875
2024-08-11,58719.484375,2553.252197265625
2024-08-12,59354.515625,2724.431884765625
2024-08-13,60609.56640625,2703.671875
2024-08-14,58737.26953125,2662.914794921875
2024-08-15,57560.09765625,2570.087646484375
2024-08-16,58894.10546875,2593.1865234375
2024-08-17,59478.97265625,2614.546875
2024-08-18,58483.96484375,2613.357177734375
2024-08-19,59493.453125,2637.306396484375
2024-08-20,59012.79296875,2573.10693359375
2024-08-21,61175.19140625,2631.3955078125
2024-08-22,60381.9140625,2622.951416015625
2024-08-23,64094.35546875,2764.447021484375
2024-08-24,64178.9921875,2769.3896484375
2024-08-25,64333.54296875,2749.15771484375
2024-08-26,62880.66015625,2681.340576171875
2024-08-27,59504.1328125,2458.7265625
2024-08-28,59027.625,2528.41552734375
2024-08-29,59388.1796875,2528.792724609375
2024-08-30,59119.4765625,2525.822021484375
2024-08-31,58969.8984375,2513.393798828125
2024-09-01,57325.48828125,2427.90234375
2024-09-02,59112.48046875,2538.187255859375
2024-09-03,57431.0234375,2420.603759765625
2024-09-04,57971.5390625,2448.97705078125
2024-09-05,56160.48828125,2367.737548828125
2024-09-06,53948.75390625,2223.87646484375
2024-09-07,54139.6875,2274.107177734375
2024-09-08,54841.56640625,2297.29296875
2024-09-09,57019.53515625,2358.482177734375
2024-09-10,57648.7109375,2389.5810546875
2024-09-11,57343.171875,2339.841552734375
2024-09-12,58127.01171875,2361.78173828125
2024-09-13,60571.30078125,2441.607177734375
2024-09-14,60005.12109375,2418.595703125
2024-09-15,59182.8359375,2320.897216796875
2024-09-16,58192.5078125,2295.28369140625
2024-09-17,60308.5390625,2341.707763671875
2024-09-18,61649.6796875,2369.72900390625
2024-09-19,62940.45703125,2464.752197265625
2024-09-20,63192.9765625,2561.072021484375
2024-09-21,63394.83984375,2615.857177734375
2024-09-22,63648.7109375,2582.862548828125
2024-09-23,63329.80078125,2648.54638671875
2024-09-24,64301.96875,2654.35498046875
2024-09-25,63143.14453125,2579.388671875
2024-09-26,65181.01953125,2632.199951171875
2024-09-27,65790.6640625,2695.900634765625
2024-09-28,65887.6484375,2677.5390625
2024-09-29,65635.3046875,2659.346923828125
2024-09-30,63329.5,2603.062744140625
2024-10-01,60837.0078125,2448.921142578125
2024-10-02,60632.78515625,2365.231689453125
2024-10-03,60759.40234375,2349.791259765625
2024-10-04,62067.4765625,2414.7939453125
2024-10-05,62089.94921875,2415.6318359375
2024-10-06,62818.953125,2439.957763671875
2024-10-07,62236.66015625,2421.796630859375
2024-10-08,62131.96875,2439.8408203125
2024-10-09,60582.1015625,2368.283447265625
2024-10-10,60274.5,2383.85791015625
2024-10-11,62445.08984375,2436.513427734375
2024-10-12,63193.0234375,2476.523193359375
2024-10-13,62851.375,2467.677001953125
2024-10-14,66046.125,2628.89990234375
2024-10-15,67041.109375,2606.02197265625
2024-10-16,67612.71875,2611.10205078125
2024-10-17,67399.8359375,2604.2734375
2024-10-18,68418.7890625,2641.55224609375
2024-10-19,68362.734375,2648.656982421875
2024-10-20,69001.703125,2746.364013671875
2024-10-21,67367.8515625,2665.712158203125
2024-10-22,67361.40625,2620.197509765625
2024-10-23,66432.1953125,2509.098876953125
2024-10-24,68161.0546875,2534.49853515625
2024-10-25,66642.4140625,2435.93408203125
2024-10-26,67014.6953125,2479.603271484375
2024-10-27,67929.296875,2505.940673828125
2024-10-28,69907.7578125,2565.34814453125
2024-10-29,72720.4921875,2637.95751953125
2024-10-30,72339.5390625,2657.37255859375
2024-10-31,70215.1875,2515.79931640625
2024-11-01,69482.46875,2511.885498046875
2024-11-02,69289.2734375,2491.068603515625
2024-11-03,68741.1171875,2456.42529296875
2024-11-04,67811.5078125,2397.0263671875
2024-11-05,69359.5625,2422.650634765625
2024-11-06,75639.078125,2724.169189453125
2024-11-07,75904.859375,2895.58544921875
2024-11-08,76545.4765625,2962.296630859375
2024-11-09,76778.8671875,3131.14453125
2024-11-10,80474.1875,3191.331298828125
2024-11-11,88701.484375,3374.81298828125
2024-11-12,87955.8125,3246.25732421875
2024-11-13,90584.1640625,3192.595947265625
2024-11-14,87250.4296875,3058.94873046875
2024-11-15,91066.0078125,3103.04052734375
2024-11-16,90558.4765625,3133.27392578125
2024-11-17,89845.8515625,3075.66162109375
2024-11-18,90542.640625,3207.8564453125
2024-11-19,92343.7890625,3111.384033203125
2024-11-20,94339.4921875,3072.18798828125
2024-11-21,98504.7265625,3361.053955078125
2024-11-22,98997.6640625,3331.600830078125
2024-11-23,97777.28125,3396.223388671875
2024-11-24,98013.8203125,3363.659912109375
2024-11-25,93102.296875,3413.5439453125
2024-11-26,91985.3203125,3326.517333984375
2024-11-27,95962.53125,3657.249267578125
2024-11-28,95652.46875,3579.8115234375
2024-11-29,97461.5234375,3593.494384765625
2024-11-30,96449.0546875,3705.705322265625
2024-12-01,97279.7890625,3711.1650390625
2024-12-02,95865.3046875,3644.198486328125
2024-12-03,96002.1640625,3620.711669921875
2024-12-04,98768.53125,3841.3310546875
2024-12-05,96593.5703125,3811.00830078125
2024-12-06,99920.7109375,4005.810546875
2024-12-07,99923.3359375,4002.692626953125
2024-12-08,101236.015625,4005.70458984375
2024-12-09,97432.71875,3718.6904296875
2024-12-10,96675.4296875,3631.833740234375
2024-12-11,101173.03125,3832.822021484375
2024-12-12,100043.0,3883.1015625
2024-12-13,101459.2578125,3911.205322265625
2024-12-14,101372.96875,3868.4052734375
2024-12-15,104298.6953125,3951.941162109375
2024-12-16,106029.71875,3987.48095703125
2024-12-17,106140.6015625,3886.76611328125
2024-12-18,100041.5390625,3618.791259765625
2024-12-19,97490.953125,3417.927978515625
2024-12-20,97755.9296875,3472.553466796875
2024-12-21,97224.7265625,3337.222412109375
2024-12-22,95104.9375,3277.53515625
2024-12-23,94686.2421875,3415.785400390625
2024-12-24,98676.09375,3492.0498046875
2024-12-25,99299.1953125,3493.2353515625
2024-12-26,95795.515625,3331.225830078125
2024-12-27,94164.859375,3328.9169921875
2024-12-28,95163.9296875,3397.90234375
2024-12-29,93530.2265625,3349.513427734375
2024-12-30,92643.2109375,3356.392578125
2024-12-31,93429.203125,3332.53173828125
2025-01-01,94419.7578125,3353.504150390625
2025-01-02,96886.875,3451.392578125
2025-01-03,98107.4296875,3605.009765625
2025-01-04,98236.2265625,3657.706787109375
2025-01-05,98314.9609375,3634.103759765625
2025-01-06,102078.0859375,3688.611328125
2025-01-07,96922.703125,3381.577392578125
2025-01-08,95043.5234375,3326.329345703125
2025-01-09,92484.0390625,3219.4306640625
2025-01-10,94701.453125,3267.489990234375
2025-01-11,94566.59375,3282.2177734375
2025-01-12,94488.4375,3265.951171875
2025-01-13,94516.5234375,3135.499755859375
2025-01-14,96534.046875,3223.6845703125
2025-01-15,100504.4921875,3450.53759765625
2025-01-16,99756.90625,3308.34521484375
2025-01-17,104462.0390625,3474.107177734375
2025-01-18,104408.0703125,3305.78955078125
2025-01-19,101089.609375,3208.96435546875
2025-01-20,102016.6640625,3278.035400390625
2025-01-21,106146.265625,3327.40625
2025-01-22,103653.0703125,3240.224609375
2025-01-23,103960.171875,3334.714111328125
2025-01-24,104819.484375,3309.554931640625
2025-01-25,104714.6484375,3317.26953125
2025-01-26,102682.5,3236.13427734375
2025-01-27,102087.6875,3178.92041015625
2025-01-28,101332.4765625,3077.112548828125
2025-01-29,103703.2109375,3112.9990234375
2025-01-30,104735.3046875,3247.780029296875
2025-01-31,102405.0234375,3298.26513671875
2025-02-01,100655.90625,3118.32861328125
2025-02-02,97688.9765625,2868.69287109375
2025-02-03,101405.421875,2884.566650390625
2025-02-04,97871.8203125,2735.05126953125
2025-02-05,96615.4453125,2787.779052734375
2025-02-06,96593.296875,2688.40087890625
2025-02-07,96529.0859375,2622.211181640625
2025-02-08,96482.453125,2632.308349609375
2025-02-09,96500.09375,2628.72119140625
2025-02-10,97437.5546875,2661.166748046875
2025-02-11,95747.4296875,2602.781982421875
2025-02-12,97885.859375,2736.902099609375
2025-02-13,96623.8671875,2675.902587890625
2025-02-14,97508.96875,2726.091552734375
2025-02-15,97580.3515625,2693.559814453125
2025-02-16,96175.03125,2663.31591796875
2025-02-17,95773.3828125,2743.19970703125
2025-02-18,95539.546875,2669.3388671875
2025-02-19,96635.609375,2715.77099609375
2025-02-20,98333.9375,2740.386474609375
2025-02-21,96125.546875,2659.655517578125
2025-02-22,96577.7578125,2764.029296875
2025-02-23,96273.921875,2821.310302734375
2025-02-24,91418.171875,2513.8212890625
2025-02-25,88736.171875,2493.592529296875
2025-02-26,84347.0234375,2331.45263671875
2025-02-27,84704.2265625,2305.484375
2025-02-28,84373.0078125,2237.9052734375
2025-03-01,86031.9140625,2216.643310546875
2025-03-02,94248.3515625,2519.694580078125
2025-03-03,86065.671875,2145.573974609375
2025-03-04,87222.1953125,2170.01513671875
2025-03-05,90623.5625,2241.977294921875
2025-03-06,89961.7265625,2202.476806640625
2025-03-07,86742.671875,2138.987548828125
2025-03-08,86154.59375,2201.51025390625
2025-03-09,80601.0390625,2015.5091552734375
2025-03-10,78532.0,1861.1513671875
2025-03-11,82862.2109375,1919.844970703125
2025-03-12,83722.359375,1908.982666015625
2025-03-13,81066.703125,1862.9696044921875
2025-03-14,83969.1015625,1909.467529296875
2025-03-15,84343.109375,1937.3946533203125
2025-03-16,82579.6875,1887.43505859375
2025-03-17,84075.6875,1927.0029296875
2025-03-18,82718.5,1932.54345703125
2025-03-19,86854.2265625,2057.7490234375
2025-03-20,84167.1953125,1982.099853515625
2025-03-21,84043.2421875,1964.8475341796875
2025-03-22,83832.484375,1980.037841796875
2025-03-23,86054.375,2005.2991943359375
2025-03-24,87498.9140625,2077.47900390625
2025-03-25,87471.703125,2067.76416015625
2025-03-26,86900.8828125,2009.1893310546875
2025-03-27,87177.1015625,2002.357421875
2025-03-28,84353.1484375,1895.5029296875
2025-03-29,82597.5859375,1827.3203125
2025-03-30,82334.5234375,1806.2186279296875
2025-03-31,82548.9140625,1823.47998046875
2025-04-01,85169.171875,1905.491455078125
2025-04-02,82485.7109375,1795.313232421875
2025-04-03,83102.828125,1815.63720703125
2025-04-04,83843.8046875,1815.335205078125
2025-04-05,83504.796875,1805.9732666015625
2025-04-06,78214.484375,1576.72802734375
2025-04-07,79235.3359375,1555.240966796875
2025-04-08,76271.953125,1472.5531005859375
2025-04-09,82573.953125,1668.0400390625
2025-04-10,79626.140625,1522.518798828125
2025-04-11,83404.8359375,1567.1497802734375
2025-04-12,85287.109375,1643.528564453125
2025-04-13,83684.9765625,1596.685791015625
2025-04-14,84542.390625,1622.7698974609375
2025-04-15,83668.9921875,1588.6324462890625
2025-04-16,84033.8671875,1578.1053466796875
2025-04-17,84895.75,1582.54833984375
2025-04-18,84450.8046875,1588.9246826171875
2025-04-19,85063.4140625,1612.9228515625
2025-04-20,85174.3046875,1587.5142822265625
2025-04-21,87518.90625,1579.7344970703125
2025-04-22,93441.890625,1757.3316650390625
2025-04-23,93699.109375,1796.104248046875
2025-04-24,93943.796875,1769.8316650390625
2025-04-25,94720.5,1786.634521484375
2025-04-26,94646.9296875,1821.881103515625
2025-04-27,93754.84375,1792.864990234375
2025-04-28,94978.75,1798.851806640625
2025-04-29,94284.7890625,1799.1756591796875
2025-04-30,94207.3125,1793.775390625
2025-05-01,96492.3359375,1839.2215576171875
2025-05-02,96910.0703125,1842.7078857421875
2025-05-03,95891.796875,1833.8397216796875
2025-05-04,94315.9765625,1808.59423828125
2025-05-05,94748.0546875,1819.697509765625
2025-05-06,96802.4765625,1815.0875244140625
2025-05-07,97032.3203125,1811.606689453125
2025-05-08,103241.4609375,2206.5146484375
2025-05-09,102970.8515625,2345.50732421875
2025-05-10,104696.328125,2582.422607421875
2025-05-11,104106.359375,2510.23779296875
2025-05-12,102812.953125,2496.397705078125
2025-05-13,104169.8125,2680.129638671875
2025-05-14,103539.4140625,2610.063232421875
2025-05-15,103744.640625,2546.85693359375
2025-05-16,103489.2890625,2536.297607421875
2025-05-17,103191.0859375,2475.75439453125
2025-05-18,106446.0078125,2498.233642578125
2025-05-19,105606.1796875,2529.166748046875
2025-05-20,106791.0859375,2524.173095703125
2025-05-21,109678.078125,2552.34716796875
2025-05-22,111673.28125,2664.156982421875
2025-05-23,107287.796875,2526.44189453125
2025-05-24,107791.15625,2530.646240234375
2025-05-25,109035.390625,2551.763916015625
2025-05-26,109440.3671875,2564.138427734375
2025-05-27,108994.640625,2663.06982421875
2025-05-28,107802.328125,2682.212890625
2025-05-29,105641.7578125,2632.65478515625
2025-05-30,103998.5703125,2529.943603515625
2025-05-31,104638.09375,2529.08740234375
2025-06-01,105652.1015625,2536.266357421875
2025-06-02,105881.53125,2607.097412109375
2025-06-03,105432.46875,2593.2802734375
2025-06-04,104731.984375,2608.64306640625
2025-06-05,101575.953125,2416.28564453125
2025-06-06,104390.34375,2477.19482421875
2025-06-07,105615.625,2526.50537109375
2025-06-08,105793.6484375,2510.787109375
2025-06-09,110294.1015625,2681.51708984375
2025-06-10,110257.234375,2813.517578125
2025-06-11,108686.625,2773.529296875
2025-06-12,105929.0546875,2651.795166015625
2025-06-13,106090.96875,2579.486083984375
2025-06-14,105472.40625,2533.444091796875
2025-06-15,105552.0234375,2546.837158203125
2025-06-16,106796.7578125,2540.60498046875
2025-06-17,104601.1171875,2510.761474609375
2025-06-18,104883.328125,2524.301513671875
2025-06-19,104684.2890625,2521.653564453125
2025-06-20,103309.6015625,2407.30419921875
2025-06-21,102257.40625,2300.49560546875
2025-06-22,100987.140625,2228.213134765625
2025-06-23,105577.7734375,2421.824951171875
2025-06-24,106045.6328125,2448.0087890625
2025-06-25,107361.2578125,2419.310302734375
2025-06-26,106960.0,2416.146728515625
2025-06-27,107088.4296875,2423.866943359375
2025-06-28,107327.703125,2437.109375
2025-06-29,108385.5703125,2500.9599609375
2025-06-30,107135.3359375,2486.46435546875
2025-07-01,105698.28125,2405.792724609375
2025-07-02,108859.3203125,2571.33544921875
2025-07-03,109647.9765625,2591.00732421875
2025-07-04,108034.3359375,2508.518310546875
2025-07-05,108231.1796875,2517.280029296875
2025-07-06,109232.0703125,2571.236572265625
2025-07-07,108299.8515625,2543.01318359375
2025-07-08,108950.2734375,2615.505859375
2025-07-09,111326.5546875,2770.777587890625
2025-07-10,115987.203125,2954.84521484375
2025-07-11,117516.9921875,2957.88623046875
2025-07-12,117435.2265625,2942.91162109375
2025-07-13,119116.1171875,2973.35888671875
2025-07-14,119849.703125,3013.350830078125
2025-07-15,117777.1875,3139.8896484375
2025-07-16,118738.5078125,3371.5068359375
2025-07-17,119289.84375,3476.784423828125
2025-07-18,118003.2265625,3549.016357421875
2025-07-19,117939.9765625,3595.273681640625
2025-07-20,117300.7890625,3759.471435546875
2025-07-21,117439.5390625,3763.371337890625
2025-07-22,119995.4140625,3749.1455078125
2025-07-23,118754.9609375,3629.70361328125
2025-07-24,118368.0,3708.005615234375
2025-07-25,117635.8828125,3727.266845703125
2025-07-26,117947.3671875,3741.39599609375
2025-07-27,119448.4921875,3875.24658203125
2025-07-28,117924.4765625,3787.42578125
2025-07-29,117922.1484375,3793.454833984375
2025-07-30,117831.1875,3808.20166015625
2025-07-31,115758.203125,3696.707763671875
2025-08-01,113320.0859375,3488.365966796875
2025-08-02,112526.9140625,3392.7412109375
2025-08-03,114217.671875,3497.379150390625
2025-08-04,115071.8828125,3718.986083984375
2025-08-05,114141.4453125,3611.8994140625
2025-08-06,115028.0,3683.920654296875
2025-08-07,117496.8984375,3914.325927734375
2025-08-08,116688.7265625,4009.848876953125
2025-08-09,116500.359375,4263.59912109375
2025-08-10,119306.7578125,4254.2177734375
2025-08-11,118731.4453125,4226.966796875
2025-08-12,120172.90625,4590.9248046875
2025-08-13,123344.0625,4756.27587890625
2025-08-14,118359.578125,4548.16650390625
2025-08-15,117398.3515625,4439.98876953125
2025-08-16,117491.3515625,4426.18017578125
2025-08-17,117453.0625,4473.271484375
2025-08-18,116252.3125,4312.5048828125
2025-08-19,112831.1796875,4073.464111328125
2025-08-20,114274.7421875,4334.50048828125
2025-08-21,112419.03125,4223.2099609375
2025-08-22,116874.0859375,4831.3486328125
2025-08-23,115374.328125,4776.09033203125
2025-08-24,113458.4296875,4779.6474609375
2025-08-25,110124.3515625,4372.98779296875
2025-08-26,111802.65625,4600.4267578125
2025-08-27,111222.0625,4503.39306640625
2025-08-28,112544.8046875,4507.177734375
2025-08-29,108410.8359375,4360.15283203125
2025-08-30,108808.0703125,4374.1533203125
2025-08-31,108236.7109375,4390.01904296875
2025-09-01,109250.59375,4314.47021484375
2025-09-02,111200.5859375,4325.36572265625
2025-09-03,111723.2109375,4450.38916015625
2025-09-04,110723.6015625,4298.744140625
2025-09-05,110650.984375,4306.98876953125
2025-09-06,110224.6953125,4274.2421875
2025-09-07,111167.6171875,4305.34765625
2025-09-08,112071.4296875,4308.072265625
2025-09-09,111530.546875,4309.04150390625
2025-09-10,113955.359375,4349.14599609375
2025-09-11,115507.5390625,4461.2333984375
2025-09-12,116101.578125,4715.24609375
2025-09-13,115950.5078125,4668.1796875
2025-09-14,115407.65625,4609.59765625
2025-09-15,115444.875,4526.8203125
2025-09-16,116843.1875,4503.564453125
2025-09-17,116468.5078125,4592.7333984375
2025-09-18,117137.203125,4589.9189453125
2025-09-19,115688.859375,4470.9169921875
2025-09-20,115721.9609375,4482.265625
2025-09-21,115306.09375,4451.3291015625
2025-09-22,112748.5078125,4202.87744140625
2025-09-23,112014.5,4165.50390625
2025-09-24,113328.6328125,4153.46923828125
2025-09-25,109049.2890625,3868.333984375
2025-09-26,109712.828125,4035.887939453125
2025-09-27,109681.9453125,4018.658203125
2025-09-28,112122.640625,4141.4765625
2025-09-29,114400.3828125,4217.341796875
2025-09-30,114056.0859375,4145.95751953125
2025-10-01,118648.9296875,4351.1123046875
2025-10-02,120681.2578125,4487.923828125
2025-10-03,122266.53125,4514.87060546875
2025-10-04,122425.4296875,4489.197265625
2025-10-05,123513.4765625,4515.4228515625
2025-10-06,124752.53125,4687.771484375
2025-10-07,121451.3828125,4451.15185546875
2025-10-08,123354.8671875,4527.64794921875
2025-10-09,121705.5859375,4369.1435546875
2025-10-10,113214.3671875,3843.0087890625
2025-10-11,110807.8828125,3750.611572265625
2025-10-12,115169.765625,4164.427734375
2025-10-13,115271.078125,4245.4677734375
2025-10-14,113118.6640625,4125.412109375
2025-10-15,110783.1640625,3987.45947265625
2025-10-16,108186.0390625,3894.75439453125
2025-10-17,106467.7890625,3832.558837890625
2025-10-18,107198.265625,3890.34619140625
2025-10-19,108666.7109375,3984.649658203125
2025-10-20,110588.9296875,3980.76025390625
2025-10-21,108476.890625,3876.76416015625
2025-10-22,107688.5859375,3808.122314453125
2025-10-23,110069.7265625,3856.0263671875
2025-10-24,111033.921875,3934.5673828125
2025-10-25,111641.7265625,3953.470947265625
2025-10-26,114472.4453125,4157.9892578125
2025-10-27,114119.328125,4120.1220703125
2025-10-28,112956.1640625,3982.262451171875
2025-10-29,110055.3046875,3903.35302734375
2025-10-30,108305.546875,3804.375244140625
2025-10-31,109556.1640625,3847.080322265625
2025-11-01,110064.015625,3874.18798828125
2025-11-02,110639.625,3911.063232421875
2025-11-03,106547.5234375,3602.30810546875
2025-11-04,101590.5234375,3292.574462890625
2025-11-05,103891.8359375,3425.171142578125
2025-11-06,101301.2890625,3312.2578125
2025-11-07,103372.40625,3435.301025390625
2025-11-08,102282.1171875,3400.3759765625
2025-11-09,104719.640625,3582.621337890625
2025-11-10,105996.59375,3568.4599609375
2025-11-11,102997.46875,3415.2822265625
2025-11-12,101663.1875,3413.09423828125
2025-11-13,99697.4921875,3232.757080078125
2025-11-14,94397.7890625,3103.78564453125
2025-11-15,95549.1484375,3166.63134765625
2025-11-16,94177.078125,3092.847412109375
2025-11-17,92093.875,3024.538818359375
2025-11-18,92948.875,3122.97900390625
2025-11-19,91465.9921875,3023.07080078125
2025-11-20,86631.8984375,2831.777587890625
2025-11-21,85090.6875,2765.69921875
2025-11-22,84648.359375,2767.607421875
2025-11-23,86805.0078125,2801.676025390625
2025-11-24,88270.5625,2952.71337890625
2025-11-25,87341.890625,2957.936279296875
2025-11-26,90518.3671875,3027.81201171875
2025-11-27,91285.375,3014.542236328125
2025-11-28,90919.265625,3032.304443359375
2025-11-29,90851.7578125,2991.685302734375
2025-11-30,90394.3125,2992.112548828125
